,questions,true_answers,predicted_answers,context_relevance,faithfulness,sas
0,What are the two main tasks BERT is pre-trained on?,Masked LM (MLM) and Next Sentence Prediction (NSP).,BOOK CORPUS and English WIKIPEDIA,1.0,1.0,0.22011423110961914
1,"What model sizes are reported for BERT, and what are their specifications?","BERTBASE (L=12, H=768, A=12, Total Parameters=110M) and BERTLARGE (L=24, H=1024, A=16, Total Parameters=340M).",None,1.0,1.0,0.06309787184000015
2,How does BERT's architecture facilitate the use of a unified model across diverse NLP tasks?,"BERT uses a multi-layer bidirectional Transformer encoder architecture, allowing for minimal task-specific architecture modifications in fine-tuning.","BERT's architecture facilitates the use of a unified model across diverse NLP tasks by having minimal differences between the pre-trained architecture and the final downstream architecture. This allows for the same pre-trained parameters to be initialized for different downstream tasks, with separate fine-tuned models for each task. This enables BERT to be versatile and adaptable to various NLP tasks without the need for major architectural changes.",1.0,1.0,0.6789648532867432
3,Can you describe the modifications LLaMA makes to the transformer architecture for improved performance?," LLaMA incorporates pre-normalization (using RMSNorm), the SwiGLU activation function, and rotary embeddings (RoPE) into its transformer architecture for enhanced training stability and performance.","The context does not provide information about any modifications made by LLaMA to the transformer architecture for improved performance. Therefore, the answer is None.",1.0,1.0,0.5443395376205444
4,"How does LLaMA's approach to embedding layer optimization differ from traditional transformer models, and what are the specific benefits of these modifications?","LLaMA introduces optimizations in its embedding layer through techniques like factorized embeddings and the use of advanced activation functions, such as SwiGLU, for efficient computation and memory usage. These modifications benefit the model by enhancing learning efficiency and enabling the scaling of model parameters without a proportional increase in computational demand.","LLaMA's approach to embedding layer optimization differs from traditional transformer models by introducing a gradient shrink strategy on the embedding layers. This strategy involves multiplying the current embedding values by a shrinking factor and then adding the detached gradient values multiplied by (1-shrinking factor). This modification helps to overcome loss spikes and stabilize training, as seen in the GLM-130B model. The specific benefits of this modification include stabilizing training, reducing loss divergence cases, and overcoming hardware failures. Additionally, setting the shrinking factor to 0.1 empirically helps to eliminate most spikes without introducing significant latency.",1.0,1.0,0.7364435195922852
5,"How were the questions for the multitask test sourced, and what was the criteria for their inclusion?","Questions were manually collected by graduate and undergraduate students from freely available online sources, including practice questions for standardized tests and undergraduate courses, ensuring a wide representation of difficulty levels and subjects.","The questions for the multitask test were sourced from freely available sources online, including practice questions for tests such as the Graduate Record Examination, the United States Medical Licensing Examination, undergraduate courses, and Oxford University Press books. The criteria for their inclusion were based on different subjects and levels of difficulty, such as ""Elementary,"" ""High School,"" ""College,"" or ""Professional."" Each subject had a minimum of 100 test examples, and the total number of questions collected was 15908.",1.0,1.0,0.6908133625984192
6,How does BERT's performance on the GLUE benchmark compare to previous state-of-the-art models?,"BERT achieved new state-of-the-art on the GLUE benchmark (80.5%), surpassing the previous best models.","BERT's performance on the GLUE benchmark significantly outperforms all previous state-of-the-art models, achieving a 4.5% and 7.0% respective average accuracy improvement.",1.0,1.0,0.9138103127479553
7,"What significant improvements does BERT bring to the SQuAD v1.1,v2.0 and v13.5 tasks compared to prior models?","BERT set new records on SQuAD v1.1 and v2.0, significantly outperforming the top leaderboard systems at the time. Version 13.5 doesn't exist. ","BERT brings significant improvements to the SQuAD v1.1, v2.0, and v1.3.5 tasks by outperforming all existing systems by a wide margin, obtaining substantial F1 score improvements, and achieving higher accuracy on all tasks compared to prior models.",1.0,1.0,0.5644268989562988
8,"What unique aspect of the LLaMA training dataset distinguishes it from datasets used by models like GPT-3, Chinchilla, and PaLM?"," LLaMA's training dataset is distinctive for being composed exclusively of publicly available data, unlike the datasets used for GPT-3, Chinchilla, and PaLM, which include proprietary or undocumented data.","LLaMA only uses publicly available data, unlike GPT-3, Chinchilla, and PaLM which rely on data that is either not publicly available or undocumented.",1.0,1.0,0.6852880716323853
9,"What detailed methodology does LLaMA utilize to ensure the diversity of its pre-training data, particularly in the context of filtering and language identification?","LLaMA's methodology for ensuring data diversity includes comprehensive filtering criteria to remove low-quality content, language identification to support multilingual capabilities, and a balanced inclusion of various data sources such as Wikipedia, web text, and books, emphasizing the representation of a wide range of topics and languages.","LLaMA utilizes publicly available data to ensure the diversity of its pre-training data. This includes filtering the data to remove any inaccurate or misleading information that may be present due to biases in crowdsourcing. Additionally, LLaMA focuses on language identification to ensure that a wide range of languages are represented in the training data. This diverse and filtered dataset helps LLaMA achieve competitive performance compared to other large language models.",0.8888888888888888,1.0,0.6286595463752747
10,"What are the specific domains covered by the multitask test, and why were they selected?","The test covers 57 subjects across STEM, humanities, social sciences, and more, selected to evaluate a model's world knowledge and problem-solving ability across a wide range of difficulty levels, from elementary to advanced professional levels.","The specific domains covered by the multitask test are humanities, social sciences, hard sciences, and other areas. They were selected because they are important subjects for some people to learn and go beyond linguistic understanding.",1.0,1.0,0.565483033657074
11,What specific enhancements are recommended for language models to bridge the knowledge application gap identified through comprehensive multitask testing?,"Enhancements should focus on developing models with improved procedural knowledge, superior calculation abilities, and a more accurate calibration between confidence and actual performance, directly addressing the weaknesses uncovered in current evaluations.",None.,1.0,0.0,0.08361048996448517
12,What methodology does DetectGPT use to generate minor perturbations in the candidate passage for evaluation?,"DetectGPT generates minor perturbations using a generic pre-trained model, such as T5, and then compares the log probability of the original sample with each perturbed sample.","DetectGPT uses a perturbation function q(· |x) that gives a distribution over slightly modified versions of x, such as asking a human to rewrite one of the sentences of x while preserving the meaning of x, to generate minor perturbations in the candidate passage for evaluation.",1.0,1.0,0.781022310256958
13,Discuss the significance of DetectGPT's detection approach in the context of evolving LLM capabilities and the potential for misuse.,"DtectGPT's approach is significant as it provides a robust, zero-shot detection method that does not require dataset collection or model retraining, addressing the challenge of rapidly evolving LLM capabilities and their potential misuse in generating misleading content.","DetectGPT's detection approach is significant in the context of evolving Large Language Models (LLMs) capabilities and the potential for misuse because it provides a high level of accuracy in detecting toxic and illegal content that could be produced by LLMs. As LLMs, such as GLM-130B, continue to advance in their abilities in language generation, there is a growing concern about the potential for these models to be used for harmful purposes. DetectGPT's approach helps to mitigate this risk by effectively identifying problematic content before granting model weight to applicants. This is crucial in ensuring that LLMs are used responsibly and ethically, safeguarding against the creation and dissemination of harmful content. The evolving capabilities of LLMs make it essential to have efficient detection methods like DetectGPT in place to prevent misuse and promote the safe and beneficial use of these powerful language models.",1.0,1.0,0.6260746717453003
14,"How is the student model, DistilBERT, initialized from the teacher model for effective training?",DistilBERT is initialized from the teacher model by adopting every other layer to maintain some structural and knowledge integrity.,"The student model, DistilBERT, is initialized from the teacher model by training with a distillation loss over the soft target probabilities of the teacher.",1.0,1.0,0.6096571683883667
15,Explain how BERT uses the 'masked LM' (MLM) for its pre-training.,"In MLM, a percentage of input tokens are masked randomly, and the model predicts these masked tokens based on their context.","BERT uses the masked language model (MLM) objective during pre-training by replacing the target token with the [MASK] symbol. This strategy involves masking a certain percentage of the target tokens in the input text and predicting them based on the context provided by the other tokens in the sequence. BERT uses a mixed masking strategy where some tokens are kept as is (SAME), some are replaced with [MASK], and some are replaced with random tokens (RND) to reduce the mismatch between pre-training and fine-tuning. The model is trained with a dropout of 0.1 on all layers and attention weights, and a GELU activation function. The pre-training is done on a combination of BookCorpus and English Wikipedia text data, totaling 16GB of uncompressed text.",1.0,1.0,0.557178258895874
16,Discuss the impact of model size on BERT's performance across different tasks.,"Larger BERT models consistently show better performance across tasks, indicating the importance of model size in achieving high accuracy.","The impact of model size on BERT's performance across different tasks is significant. The study mentioned in the context found that increasing the model size beyond BERT-large with 336M parameters resulted in unexpected model degradation. However, by introducing parameter sharing and rearranging the order of layer normalization and residual connections in the architecture, the performance of larger BERT-style models improved significantly. In particular, the architecture change in Figure 7(b) enabled stable training with lower training loss for larger models like the 3.9B parameter case. This suggests that the model size plays a crucial role in BERT's performance, and optimizing the architecture for larger models can lead to improved results across various tasks.",1.0,1.0,0.7924240827560425
17,What are the hyperparameters of the AdamW optimizer used in training the LLaMA models?,"The AdamW optimizer for LLaMA models uses hyperparameters β1 = 0.9, β2 = 0.95, with a cosine learning rate schedule, a weight decay of 0.1, and gradient clipping set to 1.0.","Beta1 = 0.9
Beta2 = 0.95",1.0,1.0,0.08989495784044266
18,"In what ways does LLaMA's evaluation strategy extend beyond standard NLP tasks, and what new dimensions of model performance does this reveal?","LLaMA's evaluation strategy includes novel tasks that assess the model's ability in reasoning, domain-specific knowledge (e.g., legal or medical), and its proficiency in languages other than English. This approach reveals dimensions of model performance such as cross-domain adaptability, fine-grained linguistic understanding, and the capacity to generalize knowledge across different contexts and languages.","LLaMA's evaluation strategy extends beyond standard NLP tasks by considering zero-shot and few-shot tasks across a total of 20 benchmarks. This approach allows the model to provide answers through open-ended generation or by ranking proposed answers based on textual descriptions and test examples. By evaluating the model in both zero-shot and few-shot scenarios, LLaMA's performance is assessed in terms of its ability to generate answers or rank options with limited or no prior training data. This reveals new dimensions of model performance related to adaptability, generalization, and problem-solving capabilities in a more flexible and dynamic manner compared to traditional evaluation setups.",1.0,1.0,0.7516897916793823
19,Describe the methodology used for evaluating models on the multitask test. How does it differ from traditional model evaluations?,"Models were evaluated in zero-shot and few-shot settings to measure their ability to apply pretraining knowledge without further fine-tuning, a method designed to be more akin to human learning and evaluation processes.","The methodology used for evaluating models on the multitask test involves fine-tuning smaller models with various parameter sizes (RoBERTa-base, ALBERT-xxlarge, GPT-2) to predict one of four classes using the UniﬁedQA MCQ questions and using a dev+val set. The models are then tested on a multitask test set. This evaluation differs from traditional model evaluations by utilizing smaller models with different parameter sizes, fine-tuning them on specific tasks, and testing them on a multitask test set to observe their accuracy across various domains.",1.0,1.0,0.4380570352077484
20,What characteristic of large language model (LLM) generated text's probability function does DetectGPT exploit for detection?,DetectGPT exploits the characteristic that LLM-generated text tends to lie in regions of negative curvature of the model's log probability function.,DetectGPT exploits the observation that text sampled from an LLM tends to occupy negative curvature regions of the model's log probability function for detection.,1.0,1.0,0.9175044894218445
21,What empirical validation does DetectGPT provide for its hypothesis regarding log probability curvature?,"DetectGPT's hypothesis is empirically validated across a diverse body of LLMs, showing consistent results even when perturbations are sourced from different language models.","DetectGPT provides empirical validation for its hypothesis regarding log probability curvature by evaluating the performance of DetectGPT as a function of the number of perturbations used to estimate the expectation in Equation 1 on three datasets. The results show that detection accuracy continues to improve until 100 perturbations, where it converges. This empirical validation supports the interpretation that DetectGPT is estimating the curvature of the log probability in a latent semantic space.",1.0,1.0,0.6239588856697083
22,What datasets were used for BERT's pre-training and why?,"BooksCorpus (800M words) and English Wikipedia (2500M words), chosen for their document-level organization and volume of data.","BOOK CORPUS and English WIKIPEDIA were used for BERT's pre-training. This was because increasing data size can result in improved end-task performance, and the focus was on gathering as much data as possible for experimentation.",1.0,1.0,0.48758721351623535
23,How do the LLaMA models' parameter counts compare across the different versions?,"The LLaMA modelsvary in size from 7 billion parameters to 65 billion parameters, with intermediate sizes of 13 billion and 33 billion parameters.","LLaMA models range from 7B to 65B parameters, with competitive performance compared to the best existing LLMs.",1.0,1.0,0.7764501571655273
24,"What are the significant benchmarks LLaMA models were evaluated on, and how does their performance relate to other foundation models?"," LLaMA models were evaluated on benchmarks such as Common Sense Reasoning, Closed-book Question Answering, Reading Comprehension, Mathematical Reasoning, and Code Generation, showing superior or competitive performance compared to existing foundation models.","The significant benchmarks LLaMA models were evaluated on include outperforming GPT-3 on most benchmarks, despite being 10 times smaller. LLaMA-13B, for example, outperforms GPT-3 on most benchmarks. Additionally, the 65B-parameter LLaMA model is competitive with other large language models such as Chinchilla or PaLM-540B.",1.0,1.0,0.7000463008880615
25,What is the primary goal of introducing the massive multitask test in language understanding models?,"The primary goal is to bridge the gap between the vast knowledge models encounter during pretraining on the internet and the existing measures of success, assessing models across a diverse set of subjects to highlight knowledge and problem-solving ability in more challenging, real-world contexts.",The primary goal of introducing the massive multitask test in language understanding models is to measure a text model's multitask accuracy by evaluating its performance across a wide range of subjects and identifying important shortcomings.,1.0,1.0,0.5116240382194519
26,"What were the key findings regarding the models' performance on the multitask test, particularly concerning their knowledge application and subject-specific accuracy?","The findings highlighted that while recent models like GPT-3 have made progress, they exhibit lopsided performance across different subjects, lack expert-level accuracy, and struggle with procedural knowledge and tasks requiring calculations.","The key findings regarding the models' performance on the multitask test include:
- Smaller models like RoBERTa-base, ALBERT-xxlarge, and GPT-2 achieved better-than-random accuracy on predicting one of four classes using UniﬁedQA MCQ questions.
- RoBERTa-base attained an overall accuracy of 27.9% across different subjects, while ALBERT-xxlarge achieved 27.1% accuracy and GPT-2 achieved 32.4% accuracy.
- UniﬁedQA's smaller variant with 60 million parameters achieved approximately 29.3% accuracy, higher than RoBERTa-base and ALBERT-xxlarge.
- UniﬁedQA with 3 billion parameters achieved 43.7% accuracy, higher than the GPT-2 model with 1.5 billion parameters, indicating that larger pretraining datasets lead to increased accuracy.",0.9090909090909091,1.0,0.6223558187484741
27,How does DetectGPT perform in comparison to the strongest zero-shot baseline when detecting fake news articles generated by GPT-NeoX?,DetectGPT improves detection from an AUROC of 0.81 for the strongest zero-shot baseline to 0.95 for DetectGPT.,"DetectGPT performs the best in comparison to the strongest zero-shot baseline when detecting fake news articles generated by GPT-NeoX, with an average improvement of 0.06 AUROC.",1.0,1.0,0.5244112014770508
28,How does DetectGPT's performance vary across different datasets and models in zero-shot detection scenarios?,"DetectGPT shows discriminative improvement over existing methods, notably on the XSum dataset for fake news detection, with significant AUROC improvements.","DetectGPT's performance varies across different datasets and models in zero-shot detection scenarios. It consistently provides the highest average AUROC compared to other methods on various datasets such as XSum, SQuAD, and WritingPrompts. Additionally, DetectGPT's performance is the most accurate when scoring samples with the model that generated them, indicating that the choice of scoring model affects detection performance.",0.8333333333333334,1.0,0.5419672727584839
29,How does DistilBERT's performance on the GLUE benchmark compare to BERT and ELMo?,"DistilBERT achieves performance close to BERT, outperforming ELMo across GLUE benchmark tasks, demonstrating significant efficiency and effectiveness.","DistilBERT's performance on the GLUE benchmark is lower compared to BERT, but higher compared to ELMo.",1.0,1.0,0.8505021333694458
30,How does DistilBERT's performance on downstream tasks like IMDb sentiment classification and SQuAD v1.1 compare to BERT?,"DistilBERT closely approaches BERT's performance on IMDb sentiment classification and SQuAD v1.1, with minimal performance loss despite its smaller size.","DistilBERT's performance on downstream tasks like IMDb sentiment classification and SQuAD v1.1 is slightly behind BERT. In the IMDb benchmark, DistilBERT is only 0.6% points behind BERT in test accuracy while being 40% smaller. On SQuAD, DistilBERT is within 3.9 points of the full BERT model.",1.0,1.0,0.8601049780845642
31,"What modifications to the BERT pretraining process are introduced in RoBERTa, and how do they collectively enhance model performance?","RoBERTa introduces several key modifications, including training with larger mini-batches, eliminating the next sentence prediction (NSP) loss, training on longer sequences, dynamically changing the masking pattern, and pretraining over more data. These improvements collectively enable RoBERTa to match or exceed the performance of all post-BERT models, achieving state-of-the-art results on benchmarks like GLUE, RACE, and SQuAD.","RoBERTa is trained with dynamic masking, full sentences without NSP loss, large mini-batches, and a larger byte-level BPE. These modifications collectively enhance model performance by emphasizing factors such as the data used for pretraining and the number of training passes through the data, leading to improved results compared to the original BERT model.",1.0,1.0,0.9005844593048096
32,"What role does the novel dataset CC-NEWS play in RoBERTa's pretraining, and how does it compare to other datasets used?","CC-NEWS, a large dataset collected from English news articles, provides a significant source of diverse and recent textual content for RoBERTa's pretraining, complementing other datasets and ensuring a broad coverage of language use and topics. This dataset helps control for training set size effects and contributes to the robustness and generalization capability of the model.","The novel dataset CC-NEWS plays a role in increasing the size of the data used for pretraining RoBERTa. It is part of the additional data used in the pretraining process of RoBERTa, with the dataset size being 160GB. This dataset is larger than the datasets used for pretraining BERT LARGE and XLNet LARGE, which were 13GB and 126GB respectively. Increasing the dataset size helps improve the performance of RoBERTa in various tasks.",0.8571428571428571,1.0,0.7390613555908203
33,Describe the process and purpose of the 'Next Sentence Prediction' task in BERT's pre-training.,"NSP involves predicting whether a sentence B is the actual next sentence that follows sentence A, facilitating understanding of sentence relationships.","The Next Sentence Prediction (NSP) task in BERT's pre-training involves predicting whether two segments of text follow each other in the original text. Positive examples are created by taking consecutive sentences from the text corpus, while negative examples are created by pairing segments from different documents. The purpose of this task is to improve performance on downstream tasks, such as Natural Language Inference, by training the model to reason about the relationships between pairs of sentences.",1.0,1.0,0.6615430116653442
34,"What performance improvements does LLaMA-13B show over GPT-3, and how does LLaMA-65B stand in comparison to Chinchilla-70B and PaLM-540B?","LLaMA-13B outperforms GPT-3 (175B) on most benchmarks, and LLaMA-65B is competitive with Chinchilla-70B and PaLM-540B, showing that it can achieve comparable or better performance.",None,1.0,0.0,0.11684902757406235
35,How does LLaMA's training data preprocessing and mixture differ from other large language models?,"LLaMA's training data includes a mixture of sources like CommonCrawl, C4, GitHub, Wikipedia, and others, preprocessed with techniques like deduplication, language identification, and quality filtering, emphasizing the use of publicly available data.","LLaMA's training data preprocessing and mixture differ from other large language models in that they train their models on trillions of tokens using publicly available datasets exclusively, without resorting to proprietary and inaccessible datasets. This approach allows LLaMA to achieve competitive performance with models like GPT-3, Chinchilla, and PaLM-540B.",1.0,1.0,0.7200036644935608
36,How does the accuracy of the largest GPT-3 model compare to human professionals across the 57 tasks?,"he largest GPT-3 model achieves 43.9% accuracy on average, significantly below the expert-level performance, indicating that even the most advanced models require substantial improvements to reach human professional accuracy levels across these tasks.",None,1.0,0.0,0.10794640332460403
37,What can you say about the calibration of models like GPT-3 in relation to their confidence and accuracy on the multitask test?,"Models like GPT-3 are poorly calibrated, with their confidence often not accurately reflecting their actual performance across different subjects, indicating a need for improvement in model calibration techniques.","Based on the context information provided, the calibration of models like GPT-3 in relation to their confidence and accuracy on the multitask test shows that even though models are more calibrated in a few-shot setting compared to a zero-shot setting, they are still miscalibrated. The correlation between confidence and accuracy is around 0.81 in the few-shot setting, indicating a reasonably strong relationship.",1.0,1.0,0.7558168172836304
38,"Without needing training on a separate classifier, how does DetectGPT determine if a passage was generated by an LLM?",DetectGPT uses the log probabilities computed by the model of interest and random perturbations of the passage from another generic pre-trained language model.,"DetectGPT determines if a passage was generated by an LLM by using log probabilities computed by a surrogate model to classify between human-generated text and text from the original generating model, without access to the original model's log probabilities.",1.0,1.0,0.7686901092529297
39,"What role do random perturbations play in DetectGPT's methodology, and how are they applied?","Random perturbations are used to slightly modify the text, keeping its meaning similar. DetectGPT evaluates the change in log probability caused by these perturbations to detect machine-generated text.","Random perturbations play a crucial role in DetectGPT's methodology as they are used to estimate the perturbation discrepancy in order to detect machine-generated text. These perturbations are sampled from T5-large and are applied to the candidate passage. By applying up to 100 perturbations, DetectGPT's reliability in detecting machine-generated text is greatly increased. The perturbations are used to approximate the local curvature of the log probability function near the passage, providing a measure for detection. The perturbations are applied sequentially in multiple rounds with smaller numbers of masks to mitigate any potential reduction in performance due to very long sequences.",1.0,1.0,0.8029135465621948
40,What specific architectural changes were made to develop DistilBERT from BERT?,"DistilBERT omits token-type embeddings and the pooler layer, and reduces the number of layers by half compared to BERT.","The specific architectural changes made to develop DistilBERT from BERT include distillation on very large batches, leveraging gradient accumulation, dynamic masking, and removing the next sentence prediction objective.",1.0,1.0,0.7513772249221802
41,What core challenge does HellaSwag aim to address in the context of state-of-the-art models' capabilities in commonsense natural language inference (NLI)?,"HellaSwag challenges the notion that state-of-the-art models have solved commonsense NLI by introducing adversarially crafted dataset examples that are easy for humans but difficult for machines, highlighting the gap in commonsense reasoning.","HellaSwag aims to address the challenge of deep pretrained models, like BERT, not demonstrating robust commonsense reasoning ability on their own in the context of state-of-the-art models' capabilities in commonsense natural language inference (NLI).",1.0,1.0,0.819566011428833
42,"How does the dynamic masking strategy in RoBERTa differ from BERT's static masking, and what advantage does it offer?","Unlike BERT's static masking, which applies the same mask to each training instance throughout epochs, RoBERTa employs dynamic masking, where the mask is generated anew for each instance every time it is fed into the model. This strategy ensures a richer variety of training examples and prevents the model from overfitting to a specific masked pattern.","The dynamic masking strategy in RoBERTa differs from BERT's static masking in that RoBERTa uses dynamic masking which is comparable or slightly better than static masking. Dynamic masking offers additional efficiency benefits compared to static masking, leading to similar or slightly better performance.",1.0,1.0,0.8925256133079529
43,"How does the performance of RoBERTa compare to BERT and other models on the GLUE benchmark, particularly in terms of state-of-the-art achievements?","RoBERTa surpasses BERT and establishes new state-of-the-art performance on the GLUE benchmark, particularly excelling in tasks like MNLI, QNLI, RTE, and STS-B. This achievement underscores the effectiveness of RoBERTa's optimizations and its capacity to better understand and process natural language.","RoBERTa provides a large improvement over the originally reported BERT LARGE results, reaffirming the importance of design choices. It outperforms XLNet LARGE across most tasks, even the longest-trained model does not overfit the data. Additionally, when trained over a combined 160GB of text data, RoBERTa shows further improvements in performance across all downstream tasks.",1.0,1.0,0.7051891088485718
44,How should future language model benchmarks be structured to ensure a holistic assessment of models' capabilities and knowledge breadth?,"Future benchmarks should integrate a broader spectrum of subjects and cognitive skills, emphasizing the inclusion of tasks that test models' ethical reasoning, understanding of human values, and ability to perform complex problem-solving, beyond the mere scale of data and parameters.","Future language model benchmarks should be structured to include a wide range of diverse text datasets from various domains to ensure a holistic assessment of models' capabilities and knowledge breadth. Additionally, benchmarks should consider factors such as vocabulary size, bilingual capabilities, and access to high-quality private collected corpora to provide a comprehensive evaluation of language models. The evaluation criteria should also take into account factors like performance on shared datasets, BPB perplexity, and autoregressive calculations to provide a balanced and fair comparison between different models.",1.0,1.0,0.36582496762275696
45,How does DetectGPT's approach to machine-generated text detection differ from previous zero-shot methods?,"Previous zero-shot methods mainly relied on evaluating the average per-token log probability of generated text, whereas DetectGPT assesses the local structure around a passage through log probability curvature.","DetectGPT's approach to machine-generated text detection differs from previous zero-shot methods by focusing on using log probabilities computed by a surrogate model for scoring samples rather than accessing the model that generated the passage. Additionally, DetectGPT utilizes a mask-filling model that samples sentences similar to the input with minimal changes to semantic meaning, ensuring that samples stay near the data manifold for accurate detection.",1.0,1.0,0.7638946771621704
46,"What percentage of BERT's language understanding capabilities does DistilBERT retain, and what is the size reduction achieved?",DistilBERT retains 97% of BERT's language understanding capabilities with a 40% reduction in size.,DistilBERT retains 97% of BERT's performance with 40% fewer parameters.,1.0,1.0,0.8076727390289307
47,"What datasets and computational resources were used to train DistilBERT, and how do they compare to the original BERT training setup?","DistilBERT was trained on the same English Wikipedia and Toronto Book Corpus as BERT, using 8 NVIDIA V100 GPUs for approximately 90 hours, showcasing efficient resource use compared to larger models.","DistilBERT was trained on the same corpus as the original BERT model, which is a concatenation of English Wikipedia and Toronto Book Corpus. It was trained on 8 16GB V100 GPUs for approximately 90 hours. In comparison, the RoBERTa model required 1 day of training on 1024 32GB V100 GPUs.",1.0,1.0,0.874346137046814
48,"What findings were revealed about model performance on HellaSwag when evaluated in zero-shot scenarios, and what implications does this have for future model development?","Models showed a decline in performance in zero-shot scenarios, highlighting the need for future models to improve generalization capabilities and adapt to unseen contexts or domains.",None,0.5,0.0,0.16318367421627045
49,Describe RoBERTa's approach to training with large mini-batches and its effect on model optimization and performance.,"RoBERTa's training with large mini-batches, significantly larger than those used for BERT, improves both optimization speed and end-task performance. This approach, facilitated by appropriate scaling of the learning rate, enables more efficient training and better generalization across tasks.","RoBERTa trains with large mini-batches by using dynamic masking, full-sentences without the Next Sentence Prediction (NSP) loss, and a larger byte-level Byte Pair Encoding (BPE). This approach allows RoBERTa to see four times as many sequences during pretraining compared to BERT. By training with large mini-batches, RoBERTa can optimize the model more efficiently and improve performance on downstream tasks.",0.6666666666666666,1.0,0.8590085506439209
50,What findings does RoBERTa reveal about the efficacy of masked language model (MLM) pretraining under its optimized design choices?,"RoBERTa's findings reaffirm the efficacy of MLM pretraining, suggesting that with optimized design choices such as dynamic masking and training on extended sequences, MLM pretraining remains highly competitive with, or superior to, other recently proposed pretraining objectives.","The given context does not mention RoBERTa or any findings related to the efficacy of masked language model (MLM) pretraining. Therefore, the answer is None.",1.0,0.0,0.4702899754047394
51,Describe the triple loss used in DistilBERT's training and its components.,"The triple loss in DistilBERT's training combines distillation loss (Lce), masked language modeling loss (Lmlm), and cosine embedding loss (Lcos), aiming to retain performance while reducing model size.","The triple loss used in DistilBERT's training includes the distillation loss over the soft target probabilities of the teacher, the supervised training loss which is the masked language modeling loss, and the cosine embedding loss which aligns the directions of the student and teacher hidden states vectors.",1.0,1.0,0.8125719428062439
52,What advantages does DistilBERT present for on-device computations and mobile applications?,"DistilBERT's reduced size and faster inference capabilities make it highly suitable for on-device computations, demonstrated through a mobile application for question answering.","DistilBERT presents the advantage of being 60% faster than BERT for on-device computations and mobile applications. It is also considerably lighter, weighing 207 MB, making it more suitable for deployment on devices with limited resources. Additionally, DistilBERT can be further reduced in size through quantization.",1.0,1.0,0.7131575345993042
53,"In what ways does HellaSwag expand upon its predecessor, SWAG, to offer a more rigorous test of AI commonsense reasoning?","HellaSwag expands on SWAG by incorporating longer and more diverse contexts from WikiHow articles, introducing more complex and varied scenarios for testing commonsense reasoning.","HellaSwag expands upon its predecessor, SWAG, by introducing a new challenge dataset with questions that are trivial for humans but difficult for state-of-the-art models, achieving a lower accuracy of 48%. This is accomplished through Adversarial Filtering (AF), where a series of discriminators select an adversarial set of machine-generated wrong answers. This dataset examples are scaled up in length and complexity to create a 'Goldilocks' zone where the generated text is ridiculous to humans yet often misclassified by state-of-the-art models.",0.5,1.0,0.5185213088989258
54,How does RoBERTa's use of a byte-level BPE (Byte Pair Encoding) vocabulary contribute to its model architecture and performance?,"RoBERTa adopts a byte-level BPE vocabulary, allowing for more efficient handling of large and diverse corpora without the need for additional preprocessing or tokenization. This encoding scheme supports a modest-sized vocabulary that can encode any input text, potentially enhancing the model's linguistic flexibility and performance on various NLP tasks.","RoBERTa's use of a byte-level BPE vocabulary contributes to its model architecture and performance by allowing for a larger subword vocabulary of 50K units, which adds approximately 15M and 20M additional parameters for BERT BASE and BERT LARGE, respectively. This enables RoBERTa to encode any input text without introducing any ""unknown"" tokens, resulting in a more universal encoding scheme. Although early experiments showed slightly worse end-task performance with the byte-level BPE compared to character-level BPE, the advantages of a universal encoding scheme were deemed to outweigh the minor degradation in performance, leading to the adoption of the byte-level BPE in RoBERTa's architecture, which ultimately improves performance across tasks.",0.75,1.0,0.7697006464004517
55,Discuss RoBERTa's contributions to the understanding of effective pretraining strategies in NLP.,"RoBERTa's comprehensive evaluation of pretraining strategies, including the effects of dynamic masking, data size, batch size, and the removal of the NSP objective, contributes valuable insights into the design and optimization of language models. Its success offers guidance for future model development, emphasizing the importance of these previously under-explored factors in achieving high performance in NLP tasks.","RoBERTa contributed to the understanding of effective pretraining strategies in NLP by emphasizing several key factors that were previously under-emphasized in previous work. These factors include the use of dynamic masking, training on full sentences without NSP loss, utilizing large mini-batches, and employing a larger byte-level BPE. Additionally, RoBERTa investigated the importance of the data used for pretraining and the number of training passes through the data. By comparing its performance to other architectures like XLNet and BERT, RoBERTa demonstrated the significance of training on more data and for longer durations to improve model performance. This research highlighted the impact of factors such as data quantity, training duration, and batch size on the effectiveness of pretraining models in NLP.",0.8571428571428571,1.0,0.8340405225753784
56,"How does Adversarial Filtering (AF) contribute to the creation of HellaSwag, and what unique characteristic does it bring to the dataset?","AF iteratively selects challenging machine-generated wrong answers by using a series of discriminators, creating a dataset that is robust against model biases and exhibits a 'Goldilocks' zone of complexity.","Adversarial Filtering (AF) contributes to the creation of HellaSwag by training the model in a multi-way fashion using BERT-Large as the discriminator, similar to the model used for SWAG. This approach involves presenting the model with exactly one positive ending and several negative endings for each training example, allowing the model to compute a probability distribution over the endings through a softmax function. AF also introduces a unique characteristic to the dataset by always reporting 4-way probabilities for simplicity, even though the training is done in a 4-way setting by subsampling 3 wrong answers from the set of assigned negatives for each example.",1.0,1.0,0.5468478202819824
57,What is the impact of removing the NSP loss on RoBERTa's performance across various benchmarks compared to BERT?,"Removing the NSP loss from RoBERTa's pretraining objective leads to significant improvements in downstream task performance. This finding challenges the initial hypothesis that NSP is crucial for learning sentence relationships, suggesting that masked language modeling alone, under optimal conditions, is sufficient for achieving superior performance.",The impact of removing the NSP loss on RoBERTa's performance across various benchmarks compared to BERT is an improvement in performance.,0.75,1.0,0.6127229928970337
58,In what ways does RoBERTa's training process leverage data size and training duration for improved model performance?,"RoBERTa extensively explores the impact of both increased data size and prolonged training duration, demonstrating that both factors significantly contribute to enhanced model performance. Training over larger datasets and for more steps than BERT allows RoBERTa to better generalize and excel on downstream tasks.","RoBERTa leverages data size by pretraining over a dataset that accumulates improvements from 16GB to 160GB of text, resulting in further performance improvements across all downstream tasks. Additionally, RoBERTa enhances model performance by increasing the number of pretraining steps from 100K to 300K and then to 500K, leading to significant gains in downstream task performance. This extended training duration ensures that the model does not overfit the data and suggests that further training could be beneficial.",1.0,1.0,0.8471709489822388
59,What defines the Task2Vec embedding's ability to capture the complexity of a visual classification task and its semantic relationships?,"Task2Vec embedding utilizes the Fisher Information Matrix (FIM) computed from a probe network's parameters, capturing the task's complexity and semantic relationships by representing tasks as elements in a vector space.","The ability of the Task2Vec embedding to capture the complexity of a visual classification task and its semantic relationships is defined by the Fisher Information Matrix (FIM) associated with the probe network parameters. The norm of the embedding correlates with the complexity of the task, while the distance between embeddings captures semantic similarities between tasks. The FIM provides a fixed-dimensional representation of the task, encoding the difficulty of the task, characteristics of the input domain, and which features of the probe network are useful to solve it.",1.0,1.0,0.8426001667976379
60,How does Task2Vec's embedding relate to the difficulty and domain characteristics of a task?,"The embedding's norm correlates with task difficulty, while its orientation and distance from other embeddings capture domain characteristics and task similarities.","The Task2Vec's embedding captures fundamental information about the structure of a task and is invariant to the task labels, depending only on the predicted distribution of the trained model. It is based on data near the decision boundary, reflecting which features are relevant to the task and how they vary over the dataset. Task2Vec's embedding is task-weighted, encoding useful features for the task by considering the curvature of the loss function and the sensitivity of the loss to model parameters. It differs from domain embeddings based on dataset domain statistics, such as input data covariance, as it depends on the joint distribution of data and labels rather than just the marginal distribution.",1.0,1.0,0.7126020193099976
61,How does Task2Vec differentiate itself from traditional domain embeddings and other task representation methods?,"Unlike domain embeddings that focus on input data distribution, Task2Vec uniquely represents tasks based on the joint input-output distribution's structure, offering a novel perspective on task similarity and complexity.","Task2Vec differentiates itself from traditional domain embeddings and other task representation methods by capturing fundamental information about the structure of the task. Task2Vec is based on the Fisher embedding, which depends on the joint distribution of the data and the predicted distribution by the trained model, rather than just the marginal distribution of the data. This allows Task2Vec to encode information about the task labels in a way that is invariant to label permutations. Additionally, Task2Vec has a fixed dimension, regardless of the output space of the task, making it a more robust and general task representation method compared to traditional domain embeddings.",1.0,1.0,0.8580520153045654
62,How does Task2Vec ensure its task embeddings are invariant to the number of classes and label semantics within a dataset?,"By basing the embeddings on the structure of the task via the FIM, Task2Vec creates representations that are independent of class count or label semantics, focusing on the task's intrinsic characteristics.","The Task2Vec ensures its task embeddings are invariant to the number of classes and label semantics within a dataset by making the task embedding dependent only on the predicted distribution pw(y|x) of the trained model, rather than directly on the task labels. Additionally, the weights w, which are a sufficient statistic of the task, encode information about the ground-truth labels y. Therefore, the task embedding is invariant to permutations of the labels y and has a fixed dimension (number of filters of the feature extractor) regardless of the output space (e.g., k-way classification).",1.0,1.0,0.8075991868972778
63,How does Task2Vec handle the variance in data size and complexity across different tasks in its embeddings?,"Through robust Fisher computation, Task2Vec accommodates variance in data size and complexity, ensuring embeddings remain informative by adjusting for irregularities in the loss landscape.","Task2Vec handles the variance in data size and complexity across different tasks in its embeddings by using the norm of the task embedding to scale with the difficulty of the task for a given feature extractor. The norm of the task embedding correlates with test performance, showing that even for more complex models trained on real data, the Fisher Information Matrix (FIM) norm adjusts accordingly. Additionally, Task2Vec encodes task difficulty by considering the confidence of the fitted model's predictions, where data points classified with high confidence have a lower contribution to the task embedding.",1.0,1.0,0.7848678827285767
64,"How does GLM-130B's architecture differ from traditional GPT-style models, and what are its key features?","Unlike GPT-style architectures, GLM-130B is based on the General Language Model (GLM) framework with bidirectional attention and autoregressive blank infilling, enabling more effective context comprehension.","GLM-130B's architecture differs from traditional GPT-style models in that 30% of its dimensions may present value outliers, while other GPT-based LLMs have very few outlying dimensions. The key features of GLM-130B include the presence of activation outliers with values several orders of magnitude larger than ordinary activation values, potentially important for memorizing fixed world or language knowledge. Removing or omitting these outliers during quantization can lead to significant performance degradation. Additionally, GLM-130B's architecture requires a unique solution for decomposing matrix multiplication for higher-precision computation in outlying dimensions, unlike other GPT-based LLMs.",0.5,1.0,0.6848369836807251
65,How does GLM-130B's performance compare to other 100B-scale models and PaLM 540B across English benchmarks?,"GLM-130B surpasses GPT-3 and other 100B-scale models in a range of English benchmarks and performs competitively against PaLM 540B, demonstrating its effectiveness in language understanding.","GLM-130B's performance surpasses the level of GPT-3 on a wide range of benchmarks (in total 112 tasks) and also outperforms PaLM 540B in many cases. It is better than GPT-3 175B, OPT-175B, and BLOOM-176B for zero-shot performance and achieves significantly better results as a bilingual LLM in Chinese compared to ERNIE TITAN 3.0 260B.",1.0,1.0,0.7037960886955261
66,What record-setting performance did Megatron-LM achieve in terms of parameter count and sustained PetaFLOPs on NVIDIA V100 GPUs?,"Megatron-LM trained models up to 8.3 billion parameters, sustaining 15.1 PetaFLOPs across 512 GPUs with 76% scaling efficiency.",None,1.0,0.5,0.06260885298252106
67,What computational approach does PAL use to integrate programmatic reasoning within natural language tasks?,"PAL leverages large language models (LLMs) to generate programs as intermediate reasoning steps for natural language problems, offloading solution steps to a Python interpreter, ensuring accuracy by focusing LLMs on decomposing problems into executable code.","PAL uses a computational approach that involves using a neural language model to read natural language problems and generate programs as intermediate reasoning steps, while delegating the solution step to a runtime such as a Python interpreter.",0.9,1.0,0.8225387930870056
68,How does PAL handle tasks involving large numbers differently than models relying on chain-of-thought methodologies?,"For tasks with large numbers, PAL demonstrates robust performance by leveraging the Python interpreter for accurate calculations, contrasting with chain-of-thought methodologies where performance drops due to LLMs' computational limitations.","PAL handles tasks involving large numbers differently than models relying on chain-of-thought methodologies by improving least-to-most prompting and allowing for more consistent and accurate expressions through the use of a Python interpreter to offload calculations and reasoning. Additionally, PAL can handle both arithmetic calculations and dates without the need for specialized modules or ad-hoc fixes, leading to better performance on benchmarks such as GSM 8K compared to models using chain-of-thought methodologies.",0.7,1.0,0.7672779560089111
69,Describe the process and tools provided by CodeNet for transforming code samples into machine-learning-friendly formats.,"CodeNet offers pre-processing tools for tokenization, simplified parse tree generation, and code graph formation, easing the transformation of code into representations for machine learning models.","CodeNet provides a set of pre-processing tools to transform source code samples into machine-learning-friendly formats. These tools include a Tokenizer, which offers fast C implementations for tokenizing code in languages such as C, C++, Java, Python, and JavaScript. Additionally, CodeNet provides a parse-tree generator to further process the code samples into representations that can be readily used as inputs for machine learning models. These tools help in converting the code samples into structured formats that are suitable for training machine learning algorithms on source code data.",1.0,1.0,0.8946123719215393
70,What specific challenges do the tasks in SuperGLUE address in natural language processing?,"The tasks challenge models on various fronts, including deep textual understanding, commonsense reasoning, fine-grained word sense disambiguation, and the ability to handle ambiguity and complexity in language, reflecting a broad spectrum of NLP challenges.","The specific challenges that the tasks in SuperGLUE address in natural language processing include difficulties such as restrictivity, disjunction, downward monotonicity, and the limitations of existing pretrained models.",1.0,1.0,0.5300905704498291
71,"How does SuperGLUE's scoring system work, and what does it aim to achieve?"," SuperGLUE uses a single-number metric averaging task scores to simplify comparison across models, aiming to provide a clear, comprehensive measure of progress on a wide range of language understanding tasks.","SuperGLUE's scoring system works by providing a simple, robust evaluation metric for any method capable of being applied to a broad range of language understanding tasks. It aims to test a system's ability to understand and reason about texts in English, beyond the scope of current state-of-the-art systems but solvable by most college-educated English speakers. The tasks included in SuperGLUE should not require domain-specific knowledge and must have an automatic performance metric for evaluability.",1.0,1.0,0.7592371702194214
72,"What practical meta-task is Task2Vec particularly designed to optimize, and how does it achieve this?",Task2Vec is designed for selecting the most suitable pre-trained feature extractor for a new task by learning a metric on task embeddings to predict feature extractor performance.,"Task2Vec is particularly designed to optimize the selection of an expert feature extractor for a new task. It achieves this by representing tasks as fixed-dimensional vectors using the TASK 2VEC embedding method. These embeddings correlate with the test error obtained on the task and the cosine distance between embeddings correlates with natural distances between tasks, such as taxonomic distance for species classification and fine-tuning distance for transfer learning. By using Task2Vec to select an expert from a collection of feature extractors, it can sensibly improve test performance while adding only a small overhead to the training process.",1.0,1.0,0.7490313053131104
73,In what way does Task2Vec's asymmetric distance measure contribute to task similarity assessment and model selection?,"The asymmetric distance accounts for task complexity and transferability, aiding in selecting feature extractors by evaluating their proximity to a task in the embedding space.","The Task2Vec's asymmetric distance measure contributes to task similarity assessment and model selection by taking into account the complexity of the tasks being compared. It considers both the similarity between two tasks and the complexity of the first task, which is crucial for determining positive transfer between tasks. By incorporating the distance from the trivial embedding and an alpha hyperparameter, the asymmetric distance measure can effectively bring more complex models closer, providing a more nuanced evaluation of task similarity and aiding in model selection decisions.",1.0,1.0,0.7124027013778687
74,Describe the computational approach to obtaining Task2Vec embeddings using a probe network.,"Task2Vec embeddings are obtained by processing images through a pre-trained probe network, retraining the classifier layer for the specific task, and computing the FIM of the network filter parameters.","The computational approach to obtaining Task2Vec embeddings using a probe network involves selecting an off-the-shelf pre-trained probe network, such as a ResNet-34 pretrained on ImageNet. The final classifier for the given task is retrained on this probe network, and then the Fisher Information Matrix is computed for the weights of the probe network. To speed up the computation of the embedding, the final classifier is trained for 2 epochs using Adam, and then further training is continued jointly with the precision matrix Λ using the loss function L(ˆw; Λ). The precision matrix Λ is constrained to be positive by parametrizing it as Λ = exp(L), where L is an unconstrained variable. A low learning rate (1e-4) is used for the classifier, while a higher learning rate (1e-2) is used to train L.",1.0,1.0,0.8803389668464661
75,What limitations does Task2Vec face regarding its ability to capture the full complexity of tasks in real-world applications?,"While effective, Task2Vec's embeddings may not fully capture the entire spectrum of task complexity and diversity found in broader real-world applications, indicating room for future enhancements.","Task2Vec faces limitations in capturing the full complexity of tasks in real-world applications due to the following reasons:

1. Euclidean Distance Issues: The parameters of the network have different scales, and the norm of the embedding is affected by the complexity of the task and the number of samples used to compute the embedding. This makes using the Euclidean distance between embeddings problematic for capturing the full complexity of tasks.

2. Symmetric Task2Vec Metrics: While the Fisher embedding on which Task2Vec is based captures fundamental information about the structure of the task, the symmetric Task2Vec distance calculation using cosine distance may not fully capture the diverse complexities present in real-world tasks.

3. Collapse in Domain Embedding: In the iMaterialst domain, the embedding collapses all tasks to a single uninformative cluster, indicating a limitation in encoding the full complexity and diversity of tasks in real-world applications.

4. Norm of Task Embedding: The norm of the task embedding correlates with the complexity of the task, but this correlation may not fully capture all aspects of task complexity in real-world scenarios.

Overall, these limitations suggest that Task2Vec may not fully capture the full complexity of tasks in real-world applications and may require further refinement or additional methodologies to address these challenges.",1.0,1.0,0.8680249452590942
76,"How does GLM-130B manage to achieve INT4 weight quantization without post-training, and what are the benefits?","By leveraging the GLM architecture's unique scaling law, GLM-130B achieves INT4 weight quantization, reducing memory requirements for inference with minimal performance degradation.","GLM-130B achieves INT4 weight quantization without post-training by compressing two INT4 weights into one INT8 weight for saving GPU memory usage. The benefits of this approach are that it helps save half of the required GPU memory to 70GB, allowing GLM-130B inference on lower-resource platforms such as 4 ×RTX 3090 Ti (24G) or 8 ×RTX 2080 Ti (11G). Additionally, the INT4-version of GLM-130B experiences almost no performance degradation compared to the FP16 version, maintaining performance advantages over GPT-3 on common benchmarks.",1.0,1.0,0.8789469599723816
77,What contributions does GLM-130B offer to the open-source community and AI research field?," GLM-130B is fully open-sourced, including model weights, code, and training logs, promoting transparency, reproducibility, and inclusivity in large-scale language model research and applications.","GLM-130B offers the contribution of providing an open-source model with 130 billion parameters, allowing researchers and developers to access and utilize the model for various tasks without the need for expensive data-center GPU servers. This accessibility helps individual developers and small companies integrate large language models into their businesses at a reduced cost. Additionally, GLM-130B supports distillation techniques for obtaining smaller models with comparable performance, making it easier for developers to deploy and use the model in their specific tasks. Furthermore, by providing open weights and code, GLM-130B enables developers to fine-tune the model on their own data, bridging the gap of domain knowledge in downstream applications. Overall, these contributions make GLM-130B a valuable resource for the open-source community and the AI research field.",1.0,1.0,0.7961259484291077
78,What advancements does Megatron-LM contribute to the handling of layer normalization in BERT-like models to increase performance?," It rearranges the order of layer normalization and residual connections, allowing for stable training and enhanced accuracies as model size increases.","Megatron-LM contributes by rearranging the order of the layer normalization and the residual connections in BERT-like models, as shown in Figure 7(b). This rearrangement eliminates instabilities observed in the original BERT architecture and allows for stable training with lower training loss, enabling the scaling of BERT-style models beyond BERT-Large.",1.0,1.0,0.46492651104927063
79,What specific properties of Task2Vec embeddings allow for effective reasoning about task space?,"Task2Vec embeddings are invariant to label space, encode task difficulty, represent task-weighted domain characteristics, and highlight features important for the task.","The specific properties of Task2Vec embeddings that allow for effective reasoning about task space include capturing fundamental information about the structure of tasks, using cosine distance between normalized embeddings for robust distance computation, focusing on task-weighted domain embedding near the decision boundary, and encoding useful features for tasks based on the curvature of the loss function and sensitivity to model parameters.",0.8333333333333334,1.0,0.8553937673568726
80,What distinctive strategy does GLM-130B employ to ensure training stability for a 130-billion-parameter model?,"GLM-130B utilizes embedding gradient shrink (EGS) and DeepNorm layer normalization to ensure training stability, significantly reducing the likelihood of loss spikes and divergence.","GLM-130B employs a 3D parallel strategy, combining data parallelism, tensor model parallelism, and pipeline model parallelism. The pipeline parallelism divides the model into sequential stages for each parallel group, and they leverage the PipeDream-Flush implementation to train with a big global batch size to reduce time and GPU memory wasting. This strategy helps handle the huge GPU memory requirement and ensures training stability for the 130-billion-parameter model.",1.0,1.0,0.6603606939315796
81,What parallel strategies and configurations are utilized to train GLM-130B efficiently on a GPU cluster?,"GLM-130B employs a 3D parallel strategy combining data, tensor, and pipeline model parallelism, optimized for 96 DGX-A100 GPU nodes, maximizing token throughput and hardware utilization.","The parallel strategies and configurations utilized to train GLM-130B efficiently on a GPU cluster include a combination of data parallelism, tensor model parallelism, and pipeline model parallelism, forming a 3D parallel strategy. This strategy includes 4-way tensor parallelism and 8-way pipeline parallelism, with a relative large global batch size of 4,224 to reduce time and GPU memory wastage. Additionally, the training approach involves weak scaling to train larger models that were not possible otherwise, achieving good scaling efficiency in both model and model+data parallelism settings.",1.0,1.0,0.8361631631851196
82,How does Megatron-LM's model parallel approach optimize memory and computation distribution across GPUs?, By partitioning key operations such as GEMMs within transformer layers across GPUs and minimizing communication overhead with strategic all-reduce operations.,"Megatron-LM's model parallel approach optimizes memory and computation distribution across GPUs by utilizing both model and data parallelism simultaneously. It forms model parallel groups with GPUs within the same server to distribute the model, and data parallel groups with GPUs holding the same model parameters. During backpropagation, multiple gradient all-reduce operations are run in parallel within each distinct data parallel group to reduce weight gradients. This allows for efficient distribution of memory and computation tasks across the GPUs, ultimately improving training performance for large models.",1.0,1.0,0.5271615982055664
83,How does Megatron-LM address the challenges of large batch training and optimization in transformer models?,"Through mixed precision training with dynamic loss scaling, weight initialization strategies, and careful optimizer configurations, including Adam with weight decay.","Megatron-LM addresses the challenges of large batch training and optimization in transformer models by using model parallelism, where the memory usage and computation of the model is distributed across multiple workers. This allows for near linear scaling in training data throughput by increasing the mini-batch size proportionally to the number of available workers. Additionally, Megatron-LM uses techniques such as activation checkpointing to recompute activations in the backward pass without storing them in the forward pass, reducing memory requirements and driving down the training time of large neural networks.",1.0,1.0,0.4614284336566925
84,"What specific tasks and benchmarks were used to evaluate PAL's performance, and what were the results?"," PAL was evaluated across 13 tasks, including mathematical, symbolic, and algorithmic reasoning from BIG-Bench Hard and other benchmarks, consistently outperforming larger models and setting new accuracy standards across all evaluated tasks.","The specific tasks and benchmarks used to evaluate PAL's performance were symbolic reasoning datasets and algorithmic datasets. The results showed that PAL achieved a much higher accuracy than chain-of-thought approaches on all datasets, outperforming other models such as COTCodex, COTLaMDA-137B, COTPaLM-540 B, and COTMinerva 540B across all tasks. Additionally, PAL remained stable and consistently close to 100% accuracy as the complexity of the input question grew, outperforming COT which showed unstable and dropping accuracy.",1.0,1.0,0.8072911500930786
85,How does the inclusion of specific metadata in CodeNet facilitate a wide range of code analysis tasks?,"Rich metadata including problem descriptions, submission outcomes, and programming languages enable tasks like bug fixing, performance improvement, and understanding coding patterns.","The inclusion of specific metadata in CodeNet facilitates a wide range of code analysis tasks by providing detailed information such as the results of the judging system (acceptance, error types, etc.), CPU time and memory limits, problem descriptions, requirements, constraints, and input/output examples. This metadata allows for more comprehensive understanding and categorization of the code submissions, making it easier to perform tasks such as code classification, similarity analysis, code correctness evaluation, and other code analysis tasks.",1.0,1.0,0.6229375600814819
86,"What types of tasks are included in SuperGLUE, and how do they enhance the benchmark's complexity?","SuperGLUE includes eight diverse tasks such as Boolean Questions (BoolQ), Choice of Plausible Alternatives (COPA), and Winograd Schema Challenge (WSC), enhancing complexity through a mix of question answering, natural language inference, coreference resolution, and word sense disambiguation tasks.","The tasks included in SuperGLUE are those that require understanding individual tokens in context, complete sentences, inter-sentence relations, and entire paragraphs. These tasks enhance the benchmark's complexity by expanding the scope beyond single sentence or sentence pair inputs, leading to a more challenging set of tasks that require a deeper understanding of language.",1.0,1.0,0.7592252492904663
87,"What criteria were used to select tasks for inclusion in SuperGLUE, and how do these criteria benefit the benchmark?","Tasks were selected based on difficulty, evaluability, substance, public data availability, simple formats, and licensing conditions, ensuring a challenging, diverse, and accessible benchmark for advancing general-purpose language understanding technologies.","The criteria used to select tasks for inclusion in SuperGLUE included:
1. Public data availability: Tasks must have existing public training data to minimize risks.
2. Task format simplicity: Tasks should have relatively simple input and output formats to avoid incentivizing complex model architectures.
3. Scope expansion: While GLUE is restricted to single sentence or sentence pair inputs, SuperGLUE considers tasks with longer inputs to require understanding individual tokens in context, complete sentences, inter-sentence relations, and entire paragraphs.
4. License compatibility: Task data must be available under licenses that allow for research purposes.

These criteria benefit the benchmark by ensuring that tasks are accessible, have straightforward formats, cover a wide range of linguistic complexities, and can be used for research purposes.",1.0,1.0,0.619857132434845
88,"What are the main components of GLM-130B's pre-training objective, and how do they contribute to its performance?","GLM-130B's pre-training includes self-supervised blank infilling for 95% of tokens and multi-task instruction pre-training (MIP) for 5% of tokens, enhancing downstream zero-shot performance.","GLM-130B's main components of pre-training objective are bidirectional attention and text similarity tasks. The bidirectional attention accounts for 70% of the improvements, while the text similarity tasks contribute significantly to the model's performance.",1.0,1.0,0.622952401638031
89,How does GLM-130B address ethical concerns and biases compared to its counterparts?,"Through comprehensive ethical evaluations, GLM-130B exhibits significantly less bias and toxicity generation than similar-scale models, highlighting its consideration for ethical AI development.","GLM-130B addresses ethical concerns and biases by evaluating its performance on the CrowS-Pairs bias measurement, which assesses biases related to gender, religion, race/color, sexual orientation, age, nationality, disability, physical appearance, and socioeconomic status. It is shown to have lower bias scores compared to GPT-3 and OPT-175B. Additionally, GLM-130B undergoes toxicity evaluation to ensure it does not generate or understand harmful or offensive content, such as offensive language or pornography, by avoiding such content in its training data and actively removing any harmful information. These measures help in addressing ethical concerns and biases in GLM-130B.",1.0,1.0,0.7011384963989258
90,How does Megatron-LM's implementation ensure training stability for extremely large transformer models?,"Through techniques like embedding gradient shrink (EGS) and DeepNorm layer normalization, Megatron-LM stabilizes training of models with billions of parameters.","Megatron-LM ensures training stability for extremely large transformer models by using DeepNorm based Post-LN to bound the value scale in deeper layers. Additionally, they experiment with different types of Layer Normalization techniques and positional encoding methods to improve training stability and downstream performance.",1.0,1.0,0.7124968767166138
91,How does PAL's performance on the GSM8K benchmark compare to other advanced models?,"PAL achieves state-of-the-art few-shot accuracy on the GSM8K benchmark, surpassing PaLM-540B by a significant 15% top-1 accuracy improvement, demonstrating its effectiveness in handling complex arithmetic and symbolic reasoning tasks.","PAL's performance on the GSM8K benchmark is consistently better than other advanced models, as shown by the relative improvement of PAL over COT across different models.",1.0,1.0,0.6147046685218811
92,Can PAL's approach be generalized to models trained primarily on natural language rather than code?,"PAL is effective with models trained on code, but experiments indicate it can also enhance models primarily trained on natural language, provided they possess sufficient coding ability, demonstrating PAL's versatility.","Yes, PAL's approach can be generalized to models trained primarily on natural language rather than code as long as the model has a sufficiently high coding ability.",1.0,1.0,0.7814409136772156
93,What contributions does CodeNet make towards the creation of AI models capable of understanding and generating code?," By providing a comprehensive dataset with diverse programming tasks and solutions, CodeNet accelerates the development of AI models for code generation and understanding.","CodeNet provides a first-of-its-kind dataset in scale, diversity, and quality to accelerate algorithmic advances in AI for Code. It offers unprecedented research opportunities at the intersection of AI and Software Engineering by providing results of code classification and similarity experiments. Additionally, CodeNet promotes the creation of AI models by providing usability features and pre-processing tools to transform source codes into representations that can be readily used as inputs into machine learning models.",0.8,1.0,0.8770092129707336
94,How does SuperGLUE facilitate the development and evaluation of models across its diverse set of tasks?,"SuperGLUE provides a public leaderboard, a single-number performance metric for easy comparison, a software toolkit for model analysis, and detailed task instructions, supporting the development, evaluation, and comparison of models on its comprehensive suite of tasks.","SuperGLUE facilitates the development and evaluation of models across its diverse set of tasks by providing a simple, robust evaluation metric that can be applied to a broad range of language understanding tasks. The tasks in the benchmark are designed to test a system's ability to understand and reason about texts in English, ensuring that they are beyond the scope of current state-of-the-art systems but solvable by most college-educated English speakers. Tasks that require domain-specific knowledge are excluded from the benchmark. Additionally, tasks in SuperGLUE must have an automatic performance metric for evaluability.",0.6666666666666666,1.0,0.526820957660675
95, What tools and support does SuperGLUE offer to researchers working on language understanding models?,"SuperGLUE offers jiant, a software toolkit for pretraining, multi-task learning, and transfer learning in NLP, built around standard tools and supporting popular pretrained models, facilitating research and experimentation on the benchmark's tasks.","SuperGLUE offers training instructions, FAQ pages, and annotations from crowd workers to support researchers working on language understanding models.",1.0,1.0,0.6560953855514526
96,In what ways does GLM-130B's bilingual capability extend its application compared to monolingual models?,"As a bilingual model in English and Chinese, GLM-130B significantly outperforms monolingual models in related benchmarks, showcasing its superior performance in cross-lingual understanding and applications.","GLM-130B's bilingual capability extends its application by allowing it to be used for both English and Chinese language tasks, making it more versatile and accessible to a broader range of users compared to monolingual models that are limited to just one language.",1.0,1.0,0.9005861282348633
97,What intrinsic model characteristic allows Megatron-LM to achieve efficient training with multi-billion parameter transformer models?,"Megatron-LM utilizes intra-layer model parallelism exploiting the inherent structure of transformer-based language models, enabling efficient training without custom C++ or compiler requirements.",Model parallelism allows Megatron-LM to achieve efficient training with multi-billion parameter transformer models.,0.0,1.0,0.7585973739624023
98,Describe Megatron-LM's approach to handling the output embedding weight matrix for model parallelism.,"The output embedding weight matrix is parallelized along the vocabulary dimension, requiring minimal communication and maximizing compute efficiency during training.","Megatron-LM parallelizes the output embedding weight matrix for model parallelism by performing a parallel GEMM operation to obtain the logits. After this operation, an all-gather is used to gather all the results before sending them to the cross-entropy loss function. This approach helps in efficiently handling the output embedding weight matrix in a model parallel setup.",1.0,1.0,0.6590614914894104
99,How does the addition of a Python interpreter in PAL's framework influence the accuracy of solutions?,"Incorporating a Python interpreter allows PAL to execute generated programs accurately, bridging the gap in LLMs' arithmetic and logical capabilities, thus significantly improving solution accuracy compared to relying solely on LLMs.","The addition of a Python interpreter in PAL's framework significantly influences the accuracy of solutions by offloading computation to the interpreter, allowing for more complex computation to be performed accurately.",1.0,1.0,0.7740035057067871
100,How does CodeNet's dataset size and diversity support advanced AI for code research compared to previous datasets?,"CodeNet surpasses previous datasets with over 14 million code samples and around 500 million lines of code in 55 languages, providing unparalleled scale and diversity for AI for code research.","CodeNet's dataset size, which consists of 13,916,868 submissions divided into 4053 problems, and its diversity in terms of the range of problems from elementary exercises to advanced algorithms, supports advanced AI for code research by providing a large, high-quality curated dataset that can be used to advance AI techniques for source code. This scale and diversity enable researchers and developers to extract large benchmark datasets that are tailored to their specific use cases, thus facilitating algorithmic advances in AI for Code.",1.0,1.0,0.8940027952194214
101,What methodologies were employed in SuperGLUE to establish robust human baseline performances across its tasks?,"SuperGLUE's human baseline performances were established through careful collection of non-expert annotations for a sample of each test set, following structured annotation procedures that included a short training phase for annotators, ensuring reliable estimates of human performance.","For collecting data to establish human performance on the SuperGLUE tasks, a two-step procedure was followed. In the training phase, crowd workers were provided with instructions on the task, linked to an FAQ page, and asked to annotate examples from the development set. They were also asked to check their work against the ground truth label. After completing training and achieving a certain level of performance, workers were qualified to work on the annotation phase. In the annotation phase, workers were provided with the same instructions as the training phase and asked to annotate examples from the test set, with annotations collected from multiple workers and a majority vote used to estimate human performance.",1.0,1.0,0.7258392572402954
102,How do the selected tasks in SuperGLUE reflect the benchmark's goals for advancing language understanding technologies?,"The selected tasks, chosen for their difficulty and diversity, reflect SuperGLUE's goals by requiring substantive innovations in machine learning to improve sample-efficient transfer, multitask, and unsupervised learning, driving forward the capabilities of language understanding systems.","The selected tasks in SuperGLUE reflect the benchmark's goals for advancing language understanding technologies by being more challenging and diverse, including coreference resolution and question answering task formats, and by having comprehensive human baselines to verify substantial headroom between a strong BERT-based baseline and human performance.",1.0,1.0,0.7718517184257507
103,"In the context of PAL, what role do meaningful variable names play in the generated program's effectiveness?","Meaningful variable names in PAL's generated code are crucial for linking programmatic steps to natural language problem entities, enhancing readability and maintainability of the code, and improving the model's reasoning and execution accuracy.","In the context of PAL, meaningful variable names play a critical role in the generated program's effectiveness. The variable names reflect the entities in the question, making the generated code linked to the task at hand. This eases reasoning for Codex, which was trained on mostly meaningful names, ultimately improving the performance of the model.",1.0,1.0,0.8085168600082397
104,How does PAL address the execution of complex computations in natural language processing tasks?," PAL addresses complex computations by generating programmatic reasoning steps for LLMs and executing them via an interpreter, ensuring accurate and efficient problem-solving acros various domains.","PAL addresses the execution of complex computations in natural language processing tasks by offloading the calculation and reasoning to a Python interpreter. This allows PAL to handle both arithmetic calculations and more complex tasks without the need for specialized modules or ad-hoc fixes. Additionally, PAL can improve standard chain-of-thought as well as least-to-most prompting methods, demonstrating its versatility and effectiveness in handling complex computations in natural language processing tasks.",1.0,1.0,0.6707388162612915
105,How does SuperGLUE's design ensure it presents a more challenging benchmark than its predecessor GLUE for evaluating language understanding models?,"SuperGLUE introduces more challenging tasks retained from GLUE, diversifies task formats beyond sentence- and sentence-pair classification to include coreference resolution and question answering, and features comprehensive human baseline performances to ensure significant headroom for model improvement.","SuperGLUE's design ensures it presents a more challenging benchmark than its predecessor GLUE for evaluating language understanding models by including tasks that measure more difficult linguistic phenomena, such as disjunction, downward monotonicity, and restrictivity. Additionally, SuperGLUE includes formats and examples that require models to perform more complex linguistic reasoning and understanding.",1.0,1.0,0.6786142587661743
106," In what ways does SuperGLUE expand beyond GLUE's task formats, and why is this expansion significant?","By including coreference resolution and question answering formats, SuperGLUE expands the scope of evaluated linguistic phenomena, testing models' abilities in more varied contexts and reflecting a broader range of natural language understanding challenges.","SuperGLUE expands beyond GLUE's task formats by considering tasks with longer inputs, requiring understanding of individual tokens in context, complete sentences, inter-sentence relations, and entire paragraphs. This expansion is significant because it provides a more comprehensive evaluation of a system's ability to understand and reason about texts in English, beyond just single sentence or sentence pair inputs.",1.0,1.0,0.7659688591957092
