questions,true_answers,predicted_answers,retrieved_docs,doc_mrr,sas,doc_map,doc_recall_single_hit,doc_recall_multi_hit
What were the earliest priesthoods? ,flamines,flamines,"[Document(id=ac8e9c286327aea24d00bceb002b08ad3fbc3007673c77da9b48b6b6b91aa76f, content: ' Some rites of the domus (household) were held in public places but were legally defined as privata ...', meta: {'name': 'Religion_in_ancient_Rome', 'source_id': '5539950aa68a34aaa32ce17890e29473510376f98e0ff668c55f32354d881f90', 'page_number': 1}, score: 0.5545176647418332)]",1.0,1.000000238418579,1.0,1.0,1.0
When was a third visit to Mnafeld scheduled? ,early 1546,1992,"[Document(id=362969eae3f46b97e578fb1b65143f839fc2a787fe322e1e83b8270c0ac09c94, content: ' Bush's 2007 European tour, Edi Rama, Tirana's mayor and leader of the opposition Socialists, said: ...', meta: {'name': '51st_state', 'source_id': 'aa3341a0a65518fe53b022b57fd32c865f74c249a1b4d32919c38bfd1cead5b7', 'page_number': 1}, score: 0.38915419615303337)]",0.0,0.34838998317718506,0.0,0.0,0.0
What was the name of the airfield where heavy raids took place?,Farnborough,Bomber Command,"[Document(id=67346696a72eb98fc01faf97de2c3a68cf161364d6413eefe068134d10fcf3de, content: ' Attacks on Birmingham and Coventry were subject to 500 short tons (450 t) of bombs between them in ...', meta: {'name': 'The_Blitz', 'source_id': 'fea4ab1f340714cf83574f4d286ac91905b5e48ca1b66018f16a22a73ba1bcbf', 'page_number': 1}, score: 0.600247916969115)]",1.0,0.2595972716808319,1.0,1.0,1.0
The Modern English ending -'s is derived from what ending in Old English?,-es,-es,"[Document(id=081239836dc280856dc2c1ab168f17d8fffffed12cbaeb50b62cd11b58a116b4, content: ' It maintains several distinct cases: the nominative, accusative, genitive, dative and (vestigially)...', meta: {'name': 'Old_English', 'source_id': '499102fb98655495aa1290f40a7501a80d34498ace9fe691454bd3cbff83f7cd', 'page_number': 1}, score: 0.6403058641147197)]",1.0,1.0000001192092896,1.0,1.0,1.0
In what area is it common for spiritual mentorship to be extremely high?,the West,"low-church"" traditions of Protestantism","[Document(id=70acdc5f12009efe2ebd2dd786809c97eacf0dc441dc5d0ed86857bd7db13270, content: ' Also, with the advent of the internet, many teachers are now selling their lesson plans to other te...', meta: {'name': 'Teacher', 'source_id': '8d3b7bd3176a10380300a49fa713b8fffa5e77a181df51ea823d2bdeb46d4c7b', 'page_number': 1}, score: 0.5329079416622291)]",1.0,0.1646253764629364,1.0,1.0,1.0
Who is the only Greek volleyball club to win European titles?,Olympiacos,Olympiacos,"[Document(id=c6017a99c04926bab23928d5fed5517ccdf053e42b0a0376e97782a93ab5a6b4, content: ' The Greece men's national water polo team became the third best water polo team in the world in 200...', meta: {'name': 'Greece', 'source_id': '13d8bb8decd2812a2721cd8f6ecffbf13e7a3bc07776ab008e28497e15162217', 'page_number': 1}, score: 0.6852555389578893)]",1.0,1.0,1.0,1.0,1.0
How many judges were on the panel for this season?,four,three,"[Document(id=17489faf6fb39343de67cc2bfe448e959559775109bb646aa0e4d02b716ddf77, content: ' Jennifer Lopez and Steven Tyler joined the judging panel in season ten, but both left after two sea...', meta: {'name': 'American_Idol', 'source_id': '0ab0bf3d7b34caba79d26524c23f7e26f93bc7c5b29888839e9a63b4e42fa52b', 'page_number': 1}, score: 0.6149654088231247)]",1.0,0.8083884716033936,1.0,1.0,1.0
"Along with a chemical process, what type of process is used by night vision devices to convert infrared into visible light?",electrical,electrical,"[Document(id=1c8a379dc092fa8d374927640e6d16f46286416581451c66a1da80fef1412acc, content: ' Infrared can also be used to detect protostars before they begin to emit visible light. Stars emit ...', meta: {'name': 'Infrared', 'source_id': 'ba9d9843065facd8aa75e472f0c7d760ae3d78712335a49f7abaf499acb21d1c', 'page_number': 1}, score: 0.6642589447541861)]",1.0,1.0,1.0,1.0,1.0
The second most prominent religion in New York is what?,Judaism,Judaism,"[Document(id=1eed45d4c946ec058384afdd313db9b847d2b384629f1872466e03c7bc13a2e5, content: '
Christianity (59%), particularly Catholicism (33%), was the most prevalently practiced religion in ...', meta: {'name': 'New_York_City', 'source_id': '8a1509d057a51ed7a68b42ff87df5d459ac7f15f3d0f4f1685859ba197f9686d', 'page_number': 1}, score: 0.6168396798925952)]",1.0,1.0000001192092896,1.0,1.0,1.0
The Free Hanseatic City of Bremen includes which cities?,Bremen and Bremerhaven,two urban districts,"[Document(id=b99c33e3f1152b05cb402034099d36d6b8fc3942c6deb97d0de9d7f47d56c738, content: ' The equivalent of the Minister-President is the Senatspräsident (President of the Senate) in Bremen...', meta: {'name': 'States_of_Germany', 'source_id': '60764e89141121f734e956aeeb48fcbe12c7e4fdec683c4f9fa29406a3f0579e', 'page_number': 1}, score: 0.5237965717088976)]",1.0,0.39612674713134766,1.0,1.0,1.0
What seeks to limit the use of polysyllabic characters?,CPC,Unicode,"[Document(id=1ca3328892ba24004a75d8cfaab0f58ce32bed8ee034be6fa54e33e8b0a62eb5, content: ' UTF-16 extends UCS-2, using one 16-bit unit for the characters that were representable in UCS-2 and...', meta: {'name': 'Unicode', 'source_id': '5466bae2d66ecdb546af3cc34795de9f594465bd49e997a8c32cca0dc3b5d1e2', 'page_number': 1}, score: 0.5571209200423095)]",0.0,0.1403539478778839,0.0,0.0,0.0
In what courts can federal habeas corpus suits be brought?,federal,federal,"[Document(id=478de5bfd3be02e5795166dfaf36bf31f55ed01f66e8d8ff978214365dc0f179, content: ' Further, the Court's decision in Baze v. Rees, upholding a lethal injection method used by many sta...', meta: {'name': 'Capital_punishment_in_the_United_States', 'source_id': '0a4e4dda32f7be6a4f78da5ed9ee21d2cc7659112c0d087b2923a482bdc77b5b', 'page_number': 1}, score: 0.5154552807306718)]",1.0,1.0000001192092896,1.0,1.0,1.0
What did Whitehead consider himself as a philosopher? ,rank amateur,rank amateur,"[Document(id=a022efa8ed739794e05008dbe44d9b83a87fc4f4b7a609ec096b9d437bc5089e, content: ' For Whitehead, education should be the exact opposite of the multidisciplinary, value-free school m...', meta: {'name': 'Alfred_North_Whitehead', 'source_id': '8117b81ebe7588c941510f73f8227e3b220b56755171cb0418fdd752bb385bda', 'page_number': 1}, score: 0.5968778075657488)]",1.0,1.0,1.0,1.0,1.0
What condition does a person have to meet to  be allowed by law on a coin?,deceased,borrow money on the credit of the United States,"[Document(id=9f240c943520891dcb4853fa0b77bb9da0c6144acd3f67acca4ff043b2823fb2, content: '
Early releases of the Washington coin included error coins shipped primarily from the Philadelphia ...', meta: {'name': 'United_States_dollar', 'source_id': '9ef37368424d1caed6a07c85856757a87fc5eb888868448328b70e21e5c46a4a', 'page_number': 1}, score: 0.5126320755658378)]",1.0,0.023210063576698303,1.0,1.0,1.0
Which region of the US experiences rain year round?,Pacific Northwest,California,"[Document(id=01bc00b0443b909364f804d3db4980f9c28a48894e7efe45a10b1d66bb4f6002, content: ' The uplands towards the Appalachians were included in the great eastern forested area, while the we...', meta: {'name': 'Geography_of_the_United_States', 'source_id': '6eef5e1e8e3a1d489b23e0304d3cc9472b84a44871b2fd5ecfc8ab3f12e8ccf0', 'page_number': 1}, score: 0.678538481868027)]",1.0,0.5433623194694519,1.0,1.0,1.0
What is the ability to recognize and adapt to new specific pathogens called?,Adaptive (or acquired) immunity,Adaptive (or acquired) immunity,"[Document(id=4f2fba1eb5467425d8e57ae2a4af5c24920de101064b738c048036a68ef3852a, content: 'The immune system is a system of many biological structures and processes within an organism that pr...', meta: {'name': 'Immune_system', 'source_id': 'fcb8c5092b2596a66d4f96587d653cbabda606874d86632c35ec40ef8f023051', 'page_number': 1}, score: 0.6805778943142242)]",1.0,1.0000001192092896,1.0,1.0,1.0
Who allegedly hit a home run to the Center?,Babe Ruth,Kyle Schwarber,"[Document(id=e7143fa77dfb51a3ba85804cccd3bf347ba3ba5227422dbc11b406b7a7ce7610, content: '
On May 11, 2000, Glenallen Hill, facing Brewers starter Steve Woodard, became the first, and thus f...', meta: {'name': 'Chicago_Cubs', 'source_id': '10bd5330115a2fe2b9ef60d21abe3942769709161783409af0c4444ccac129c3', 'page_number': 1}, score: 0.5046003190275887)]",1.0,0.5717676877975464,1.0,1.0,1.0
Which type of graduate from Imperial earned the second highest average starting salary after graduation?,Computing graduates,3.36,"[Document(id=8190e2f3cfba3c67fc319c1eba30ec986d8174be2decff7ed0bb12a364fb52bb, content: '
The College's endowment is sub-divided into three distinct portfolios: (i) Unitised Scheme – a unit...', meta: {'name': 'Imperial_College_London', 'source_id': '8ff02d910ce681fdd72074b13ed322271625386966ee827dabf1c93ca556fd6e', 'page_number': 1}, score: 0.49844352438506834)]",1.0,0.09059444814920425,1.0,1.0,1.0
In what year did Eisenhower propose his second civil rights act?,1960,1960,"[Document(id=78d1760ca2fa0904e5480a91d388ba9d6c37d737a65426e5cbb2488333bc1e1a, content: ' Eisenhower made clear his stance in his first State of the Union address in February 1953, saying ""...', meta: {'name': 'Dwight_D._Eisenhower', 'source_id': '859016dbddc09f1f2a8921e109d7fed820d1b8f064a73fa80275cba10849cb55', 'page_number': 1}, score: 0.6915934272370499)]",1.0,1.0000001192092896,1.0,1.0,1.0
What is the current height limitation in Paris in central areas?,50 m,50 m (160 ft),"[Document(id=891cab83df456a1bb11d8e7c301e45b02e564d224d3be1f7bdb82d02edc8f221, content: ' Modern Paris owes much to its late 19th century Second Empire remodelling by the Baron Haussmann: m...', meta: {'name': 'Paris', 'source_id': '52b8f3ebbfb9baf9226768b89151b597c215bb08f28021147d2d798f707976c9', 'page_number': 1}, score: 0.66910672984007)]",1.0,0.804789662361145,1.0,1.0,1.0
Income level was found to have a signification correlation to which outcome in the study?,nutrition literacy,Crime rate,"[Document(id=cfc35d312a7f860ff8772433762d5f27e606e10585399783dd129af1d4d74ed4, content: ' Other studies have confirmed this relationship. The UNICEF index of ""child well-being in rich count...', meta: {'name': 'Economic_inequality', 'source_id': '648ff32b8c146c974b23e115e3a61420b1cdbea9de1f5bf38442ce4c1d9caa42', 'page_number': 1}, score: 0.5542598259336555)]",0.0,0.0639934316277504,0.0,0.0,0.0
How much did Viacom want in damages in their lawsuit against youtube?,$1 billion,$1 billion,"[Document(id=56ff4bdb4f543c61c1f516ba1e544e83e117ab5512bae58b2264fa6b6d86f26b, content: ' Three successful complaints for copyright infringement against a user account will result in the ac...', meta: {'name': 'YouTube', 'source_id': '4d18798daeceb997a6dcb04b575dbbdad768671ca9202116370611d944d510be', 'page_number': 1}, score: 0.740709470725756)]",1.0,1.0000001192092896,1.0,1.0,1.0
Who should be able to challenge administrative orders in court?,individuals,individuals,"[Document(id=5c5f6a0591170904a56f4c0417e667089761d8d8f013f55283aff164fdadd75b, content: ' Dicey's: “no man is punishable or can be lawfully made to suffer in body or goods except for a dist...', meta: {'name': 'Rule_of_law', 'source_id': '58b9477525cf8e214cd9a236fe22cc9bfe5e78fda6e2b41433bdb3e30f99d3d2', 'page_number': 1}, score: 0.5566146748558449)]",1.0,1.000000238418579,1.0,1.0,1.0
The Slavs were under what name in the early 6th century?,the Antes and the Sclaveni,Veneti,"[Document(id=4236cbbf71506fe35f0da033ea9b465edf3cfbfdd8e6bac2b259b18835cc0408, content: '
The relationship between the Slavs and a tribe called the Veneti east of the River Vistula in the R...', meta: {'name': 'Slavs', 'source_id': 'a55731ff3cd03d8fe34d4e646dbfcdc2088f01190e5110c9ff0baf4e4b486847', 'page_number': 1}, score: 0.6927475328468398)]",1.0,0.2406373918056488,1.0,1.0,1.0
How are the results simplified when using the SASO?,"into four summaries that look specifically at responses that correspond to either homosexuality, heterosexuality, bisexuality or asexuality.","measures sexual orientation on a continuum, considers various dimensions of sexual orientation, and considers homosexuality and heterosexuality separately","[Document(id=04d7cfe710801483b2e5c7c67b89cf9966fc92203783ea424fccf90e1b51520c, content: ' The classification scheme works such that individuals in the same category show the same balance be...', meta: {'name': 'Sexual_orientation', 'source_id': 'f94279650936a403aa3d2b43ab1ad42b1fd14d05455aa86fbcda6cda978ffe5c', 'page_number': 1}, score: 0.3825635282360615)]",1.0,0.6333848237991333,1.0,1.0,1.0
What socioeconomic class used the Florentine Tuscan language in Dante's time?,upper class,literate and upper class,"[Document(id=149c6390292392d4438c9191dca43bbe827c20a86bb7bfc502679813d7fcc108, content: ' Due to Eastern Lombard's status as a Gallo-Italic language, an Eastern Lombard speaker may, in fact...', meta: {'name': 'Dialect', 'source_id': '2e05b686e48c9512ae5466f1d15202b44fdc903ea32d0a42c5dbc9ef173d051d', 'page_number': 1}, score: 0.666760845084105)]",1.0,0.7628111839294434,1.0,1.0,1.0
"In addition to ammo proposals, what other need was articulated?",The need for some form of tracer or smoke trail,ground based air defence,"[Document(id=02cb335221aaee4ff1ec0fda1bf1d119c70f55fc89a407c08c8d2b31e60cf104, content: ' The M1 version was approved in 1940. During the 1920s there was some work on a 4.7-inch which lapse...', meta: {'name': 'Anti-aircraft_warfare', 'source_id': 'c54639424f62ce369356ed8c4e1e9fab8769359dd28029aa89832f5aa994f45d', 'page_number': 1}, score: 0.39528168687505916)]",1.0,0.24992957711219788,1.0,1.0,1.0
What is that power that enables us to love?,Prevenient grace,Love in the soul is both the cause and result of true understanding and judgement,"[Document(id=3b09da7999a543e2dd4e11715dbc298468750ad12bafc0459e403691c4c7015a, content: ' Thus, it is easier to state what God is not, than to state what God is: ""... we affirm things of Go...', meta: {'name': 'Dominican_Order', 'source_id': 'f55ba4e5b37c737e23256c74229a0bf3a5c697b70e171c6ce20c437d900b023e', 'page_number': 1}, score: 0.47203679374271235)]",0.0,0.31394249200820923,0.0,0.0,0.0
"Who was assassinated on September 22, 189 AD?",He Jin,Caesar,"[Document(id=4f17ed621ff3df1e2ab21fa16d21495b6fcfc7630eb0a8ebe5cdfa2aa939ba81, content: ' This made his person sacrosanct, gave him the power to veto the senate, and allowed him to dominate...', meta: {'name': 'Roman_Republic', 'source_id': '3f4556109d2f785759587a7f8d52a5aa1b1abda3015c73990aa173f05a0d62c1', 'page_number': 1}, score: 0.4484555871081836)]",0.0,0.18531587719917297,0.0,0.0,0.0
How did Gaddafi change the legal system?,he introduced sharia as the basis for the legal system,sharia law,"[Document(id=6d61cd8c91a3530f637646f434785421d170c3d742a9e1e779b8ad38390b3f4f, content: ' Gaddafi proclaimed that the People's Congresses provided for Libya's every political need, renderin...', meta: {'name': 'Muammar_Gaddafi', 'source_id': '8152b4f6f236e7f6841b777d688aa105c66dbcee3fe926720311ce23eed0a380', 'page_number': 1}, score: 0.605111406774985)]",1.0,0.6366350650787354,1.0,1.0,1.0
What name was it assumed Elizabeth would take upon her marriage to Philip?,"Mountbatten,",Peter Townsend,"[Document(id=4b69cd784f30edcd0bcf343e88529300a3f5f46cab6549e05e32a9f6208375df, content: '
Elizabeth and Philip were married on 20 November 1947 at Westminster Abbey. They received 2500 wedd...', meta: {'name': 'Elizabeth_II', 'source_id': '701ad172dfcc8791d990bf596fe61055a5548b2e1847cd32a5d9c011ed8a1ed8', 'page_number': 1}, score: 0.6031312122817887)]",1.0,0.17705275118350983,1.0,1.0,1.0
What was the attack on the British weakness?,Battle of Fort Bull,Minorca in the Mediterranean,"[Document(id=8f27b8606c29f864e870a0c3ebc173abdd66686eabf5bdc41d7e51673bbdbc31, content: ' As prime minister Pitt committed Britain to a grand strategy of seizing the entire French Empire, e...', meta: {'name': 'Seven_Years%27_War', 'source_id': '3ce1ed9d37c2147a385da7d5e5b943fd3d7b17c5d89dca3dd9b367b2b1f095e3', 'page_number': 1}, score: 0.601896930875277)]",0.0,0.0038108360022306442,0.0,0.0,0.0
How much of South Tucson is Native American?,10%,Paleo-Indians,"[Document(id=ca6350a9a8c38782a1850582e37efb990f91441f3354b7b61cf884e4720f16a2, content: 'Tucson (/ˈtuːsɒn/ /tuːˈsɒn/) is a city and the county seat of Pima County, Arizona, United States, a...', meta: {'name': 'Tucson,_Arizona', 'source_id': '1cd8368afbbb7156e4d37c16c9795a1cf7209fbd0036331b6759337ae62d7224', 'page_number': 1}, score: 0.5982970062118942)]",1.0,0.08434860408306122,1.0,1.0,1.0
Whose theory claimed that species were unchanging and designed by God?,John Ray,John Ray,"[Document(id=67c87173e747d72d79bc92866e553902d56583aae14965ecaa3b2da507256976, content: ' After the turmoil of the English Civil War, the Royal Society wanted to show that science did not t...', meta: {'name': 'On_the_Origin_of_Species', 'source_id': 'adac4711b7d224abae00474e53083755e6a0b31beb5aef768574d738fabcf0e6', 'page_number': 1}, score: 0.6990559439833335)]",1.0,1.0000001192092896,1.0,1.0,1.0
Who can restore a database that has been corrupted?,database administrator,software error,"[Document(id=6c8c749813cf91978d96464cce374f7a04d7464bb50d66f4cda7f08549bc9fae, content: ' It may be desired that also some aspects of the architecture internal level are maintained. A compl...', meta: {'name': 'Database', 'source_id': '98b09743ece9be42ad021f0dc6ffab08c322e7eeace6aae0b98b4bbf67224bd3', 'page_number': 1}, score: 0.4415903158428742)]",1.0,0.23398324847221375,1.0,1.0,1.0
What unpopular philosopher's text did Avicenna learn from?,Abu Abdullah Nateli,Abu Abdullah Nateli,"[Document(id=cbebf9a70685ea0e72bcf8c9f1dbbe9b7163ee26279b633446edf34314600fb3, content: ' Janssens demonstrated that Avicenna was a Sunni Hanafi. However, the 14th cenutry Shia faqih Nurull...', meta: {'name': 'Avicenna', 'source_id': '25cbb1011a29473e1dfa8d96ebe95bc8ead7393548de57e871f959624f7238f1', 'page_number': 1}, score: 0.7413625193934965)]",1.0,1.0,1.0,1.0,1.0
What was the event called that caused  Ayutthaya  to reclaim lost territories ?,the Chinese threat,Ayutthaya recovered its territories by 1770,"[Document(id=f08f17188f751088b2b76f2c1a69ffc86f340979f05ea84b4b201def163ec6f3, content: ' Its trade and secular administrative reforms built a prosperous economy for more than 80 years. Fro...', meta: {'name': 'Myanmar', 'source_id': '3d5d8c2f0b407573851f7793034e3f28664c9739d422faaf23da089d3bb275b3', 'page_number': 1}, score: 0.5241313195161235)]",1.0,0.10474255681037903,1.0,1.0,1.0
"Before the introduction of the Latin alphabet, how was Old English written?",runic system,runic system,"[Document(id=568b9944b8e99493b93780736bc40a387965c8d30cebea94a19881b28bc86012, content: ' More entered the language when the Anglo-Saxons were converted to Christianity and Latin-speaking p...', meta: {'name': 'Old_English', 'source_id': '499102fb98655495aa1290f40a7501a80d34498ace9fe691454bd3cbff83f7cd', 'page_number': 1}, score: 0.6607325652412197)]",1.0,1.000000238418579,1.0,1.0,1.0
"When groups that are antagonistic to each other form a coalition for hidden gain, it is called what?",unholy alliance,unholy alliance,"[Document(id=c54ac19342651f97c105c4825d0b82cbf05684cf1d7c4921e0d078a7212b4a21, content: ' A common type of embezzlement is that of personal use of entrusted government resources; for exampl...', meta: {'name': 'Political_corruption', 'source_id': 'e7c84fb03cb06b72c4ab51eb24218e9f2a10b95493e43d575342db0ffa3e9e1d', 'page_number': 1}, score: 0.49411751006790716)]",1.0,1.0,1.0,1.0,1.0
What made a strong economic case for investing in low carbon technologies?,Stern Review,Clean Edge,"[Document(id=639620812442614c676be21cf936d052650009771bc4d08df98e8056e4441e38, content: '
New government spending, regulation, and policies helped the industry weather the 2009 economic cri...', meta: {'name': 'Renewable_energy_commercialization', 'source_id': 'fa5f7904b8df5272f4f870ed401f610435c916171c87b47deed9a45e6bd594ea', 'page_number': 1}, score: 0.5498180514882574)]",1.0,0.10936959832906723,1.0,1.0,1.0
"Who introduced the Latin version of the word ""insect""?",Pliny the Elder,Pliny the Elder,"[Document(id=de63707a025645c7fcc7a26e6dd37ddd29a27cd60ff187ce487e0d07217708ee, content: '
The word ""insect"" comes from the Latin word insectum, meaning ""with a notched or divided body"", or ...', meta: {'name': 'Insect', 'source_id': 'e14215fdfb7e1394430dedb24549d773464f110b7f19b86558bc101f84126630', 'page_number': 1}, score: 0.8069591810257106)]",1.0,1.0,1.0,1.0,1.0
What was started by the Roman Catholic Church to dispense of the Cathars in Languedoc?,The Cathar Crusade,The Cathar Crusade,"[Document(id=3f50079b5ebfa4f0c771fad96712717b3bd3050f02fa3abfb19f87bc049689e1, content: ' By the 11th century, more organised groups such as the Patarini, the Dulcinians, the Waldensians an...', meta: {'name': 'Heresy', 'source_id': '8ba473262f8508a9c99699bb09cd022993896ece1fed1463a9cf4bd7eb0c3e68', 'page_number': 1}, score: 0.4953807364007933)]",1.0,1.0000001192092896,1.0,1.0,1.0
What music service is a huge competitor for Tidal?,Spotify,Spotify,"[Document(id=f0c6a5cd5408a0fc01c220e5910c03a2241fbe85099410f518592c1fb7098441, content: ' ""Creating a partnership with Beyoncé, one of the most hard-working and talented people in the world...', meta: {'name': 'Beyoncé', 'source_id': 'df5e2ca169dc6cf68bbfa81e78478ec035f276c65d7f24df15ba60a18401232b', 'page_number': 1}, score: 0.5224108713853148)]",0.0,0.9999999403953552,0.0,0.0,0.0
How much was each copper token worth?,a halfpenny,legal tender at face value,"[Document(id=c5c8d55b2c3952d9e29c10530dc199fccdd3bfb5dc897ac40dd8ff1d01e6a97f, content: ' This has to do with Alexander Hamilton's suggestion to Congress of a fixed 15:1 ratio of silver to ...', meta: {'name': 'United_States_dollar', 'source_id': '9ef37368424d1caed6a07c85856757a87fc5eb888868448328b70e21e5c46a4a', 'page_number': 1}, score: 0.44825442543903155)]",0.0,0.4468753933906555,0.0,0.0,0.0
What ships were attacked in 1852?,Glencoe and Sea Nymph,a Russian fleet attacked an Ottoman force,"[Document(id=34bd168edceec4d845ba383e25526ec637cdd2a67e74fbe1494f27559701c396, content: ' The clash came on 30 November 1853 when a Russian fleet attacked an Ottoman force in the harbour at...', meta: {'name': 'Crimean_War', 'source_id': '66f44772af3b4c2aebf16f2866ee8ea9e71fc3471480ed94ea0b2638c0f5b570', 'page_number': 1}, score: 0.5355975216123309)]",0.0,0.07638347893953323,0.0,0.0,0.0
What was the first fossil to display both clearly traditional reptilian characteristics?,Archaeopteryx,Archaeopteryx,"[Document(id=0815d5b0f30156ea39d24a8a15062d5e21822317a105f659f2000892f8d657c8, content: '
The consensus view in contemporary paleontology is that the flying theropods, or avialans, are the ...', meta: {'name': 'Bird', 'source_id': '76114e3e9c92caec1de2bcfd38b6f22e1b48487f665fa6392f914934a6748ae1', 'page_number': 1}, score: 0.5702787263670992)]",1.0,1.0,1.0,1.0,1.0
What are the theories that integrate molecular genetics with Darwinian evolution called?,the modern evolutionary synthesis,modern evolutionary synthesis,"[Document(id=e1b3872c9a56b024a609ebeaf211b3ea1b4799599e6935c3dd62e613f036575b, content: ' This dogma has since been shown to have exceptions, such as reverse transcription in retroviruses. ...', meta: {'name': 'Gene', 'source_id': 'aedb09488dc3b766bb8c9b41d942aeb0d62f6f6c6c92506004b72557882725cc', 'page_number': 1}, score: 0.5969093624625235)]",1.0,0.9375607371330261,1.0,1.0,1.0
At what time did Tesla get dinner?,8:10 p.m,8:10 p.m,"[Document(id=2ed21a855190ee9369cd4351878edc528d570a2136e3a2612158d6108a59491e, content: ' until 6:00 p.m. or later, with dinner from exactly 8:10 p.m., at Delmonico's restaurant and later t...', meta: {'name': 'Nikola_Tesla', 'source_id': 'ceea6a1645d15ba7fe20b687be69cd66b3781b3889ef8a0693edc64967068a28', 'page_number': 1}, score: 0.8054284554320554)]",1.0,0.9999999403953552,1.0,1.0,1.0
In what year did the French reach Alsace?,1444,1789,"[Document(id=93996e15e538ef99cbc1f14e3a6eca7f547c782d02004cfe4d90863b09e3c9ba, content: ' When hostilities were concluded in 1648 with the Treaty of Westphalia, most of Alsace was recognize...', meta: {'name': 'Alsace', 'source_id': '1105499d303196fb0b7ae4d26209720b0040e63376f114d458fd77f05836cbd4', 'page_number': 1}, score: 0.6624069423136786)]",1.0,0.5213748812675476,1.0,1.0,1.0
Who was responsible for the handling of the Roman census?,two censors,Comitia Centuriata,"[Document(id=409efc7d73eb1e4b7778886a27796612a2da5b9f46d8dd07e3972f8290409c4f, content: ' It also elected censors. Only the Comitia Centuriata could declare war, and ratify the results of a...', meta: {'name': 'Roman_Republic', 'source_id': '3f4556109d2f785759587a7f8d52a5aa1b1abda3015c73990aa173f05a0d62c1', 'page_number': 1}, score: 0.5138090672272254)]",1.0,0.13780222833156586,1.0,1.0,1.0
When was a resolution agreed to about Chinese human rights issues in San Francisco?,"April 1, 2008","April 1, 2008","[Document(id=d16248de2a5e0d9e6bbb7e85b411bf0a4143206e20471ecab73dc7158ce992b1, content: ' The cost to the city for hosting the event was reported to be USD $726,400, nearly half of which ha...', meta: {'name': '2008_Summer_Olympics_torch_relay', 'source_id': 'a45e6ea09a1ff12d8a239a682c8ef3735ae894d5ab6427b50909053bb046e8b5', 'page_number': 1}, score: 0.5365703485459956)]",1.0,1.0,1.0,1.0,1.0
Who was the last pope to be crowned?,Paul VI,Joseph Ratzinger,"[Document(id=569b2ac7d468efc1995e7597b1a5c8cce2fb04e8e0523f0b442cd6d658321f84, content: ' He welcomed the announcement of Pope Paul VI to celebrate the 1900th anniversary of the death of th...', meta: {'name': 'Pope_Paul_VI', 'source_id': 'fc82a40c990c0b3840b06b32643858d39984b66d78ae950561d809dc84d6edf8', 'page_number': 1}, score: 0.5395101684371744)]",1.0,0.407831609249115,1.0,1.0,1.0
Who handles serious medical emergencies on Norfolk Island?,the Royal Australian Air Force,Royal Australian Air Force,"[Document(id=c3327e32d8658307f8dca684bbdeb22895ca7a8d7ee8ad6ff0eba6200c5e6da2, content: ' All visitors to Norfolk Island, including Australians, are recommended to purchase travel insurance...', meta: {'name': 'Norfolk_Island', 'source_id': '8be872c9c3302a16163599d52ec60841ddff13042f8e8e2e0aa14de2c192e2ee', 'page_number': 1}, score: 0.6820248727155205)]",1.0,0.9528100490570068,1.0,1.0,1.0
Were Roman soldiers expected to purchase their own equipment?,"wealthiest citizens, who were able to purchase the best equipment","They were armed with a sword and a small shield, as well as several light javelins","[Document(id=1983d91ab2ea433561865fb3ff1c494c8513349262f6ecf4a75e3747f0f18a6a, content: ' Their role in accompanying the army was primarily to supply any vacancies that might occur in the m...', meta: {'name': 'Roman_Republic', 'source_id': '3f4556109d2f785759587a7f8d52a5aa1b1abda3015c73990aa173f05a0d62c1', 'page_number': 1}, score: 0.553412580040751)]",1.0,0.21872466802597046,1.0,1.0,1.0
Who did Nasser's group try to assassinate?,Hussein Sirri Amer,Nuri al-Said,"[Document(id=0feca297c7e24ea29eb0b0ec3f9cea1e28b5bba699cb08db0269994093ec02c1, content: ' Nasser gave each of the provinces two vice-presidents: Boghdadi and Amer in Egypt, and Sabri al-Asa...', meta: {'name': 'Gamal_Abdel_Nasser', 'source_id': 'b85466a1645c50ee3517e05cdea8d4daa48f1870f244255ab389ead0fa0e44ed', 'page_number': 1}, score: 0.6261596905435558)]",1.0,0.5893326997756958,1.0,1.0,1.0
What was AJ Ayer an important member of?,Logical empiricism,record labels,"[Document(id=7742716fffd906e0d6edf74500caef115b60f88285d7f246abeb00e404d5d0f3, content: ' The network of supportive record labels that included Industrial, Fast, E.G., Mute, Axis/4AD and Gl...', meta: {'name': 'Post-punk', 'source_id': 'bee90cece10cbdebcf39c6ca24886eb874551f866ed672c4f1f297c137963f75', 'page_number': 1}, score: 0.36459114720421903)]",0.0,0.03603558987379074,0.0,0.0,0.0
In which year was a settlement reached regarding GE's pollution of the Housatonic River?,1999,1977,"[Document(id=754901c14e07fd836481f4df6a9e1c790f259897d11a92d8f4449320bf432be1, content: ' Around the same time, General Electric's Canadian counterpart, Canadian General Electric, was forme...', meta: {'name': 'General_Electric', 'source_id': '26d4044eb2d79191635af69e57c262af8041a70871e60e989128c458529f04cc', 'page_number': 1}, score: 0.5578163934895837)]",1.0,0.5353438854217529,1.0,1.0,1.0
What area in Charleston is considered the 'industrial area'?,the city's Neck area,Charleston–North Charleston–Summerville Metropolitan Statistical Area,"[Document(id=620f512c3df1eb1788fcecbd5ec4c0438953e005020fab4303e121d55369ade5, content: 'Charleston is the oldest and second-largest city in the U.S. state of South Carolina, the county sea...', meta: {'name': 'Charleston,_South_Carolina', 'source_id': '6135d76cf2064b0c4f70e685c5c7e15b8093869ebd10f9a74e8acb07e2173763', 'page_number': 1}, score: 0.5474995153501447)]",1.0,0.40961262583732605,1.0,1.0,1.0
In what year did Frédéric obtain citizenship in France?,1835,1835,"[Document(id=39112deed098f10b50cfae893e4a07e0541a59e3ede2de2a696f87f4dd3a60cf, content: '"" When in September 1831 he learned, while travelling from Vienna to Paris, that the uprising had be...', meta: {'name': 'Frédéric_Chopin', 'source_id': '5e95b80d7ceb3febb2d1a7dfe09730771a231fc8d23c15cd74d3fa2327cfcb14', 'page_number': 1}, score: 0.650285022879904)]",1.0,1.0,1.0,1.0,1.0
What was Tesla afraid someone was trying to do with his invention?,steal the invention,conversion of matter into energy,"[Document(id=a821c6f7864ad547d77613dfb820fb3325460eb2a1db7dd77d77b7831d007952, content: ' Twain notably described Tesla's induction motor invention as ""the most valuable patent since the te...', meta: {'name': 'Nikola_Tesla', 'source_id': 'ceea6a1645d15ba7fe20b687be69cd66b3781b3889ef8a0693edc64967068a28', 'page_number': 1}, score: 0.65038332569829)]",1.0,0.16155940294265747,1.0,1.0,1.0
What is the group called that does not agree with government at all?,anarchists,al-Qaeda and the Egyptian Islamic Jihad,"[Document(id=83d3d4ff2abd52d1481391f4a70166aae238e8633826a7d0796ff63840ed230c, content: 'Islamism, also known as Political Islam (Arabic: إسلام سياسي‎ islām siyāsī), is an Islamic revival m...', meta: {'name': 'Islamism', 'source_id': 'b18ef6af50cd5612358df7ee136f3b80ef65a22ebd6f502f95f8b0dec581619a', 'page_number': 1}, score: 0.4780907972523595)]",0.0,0.3834308385848999,0.0,0.0,0.0
What was the name of the bookstore the authors met in?,Old Corner Bookstore,.,"[Document(id=71628ca153c5dbecf9cfbccb021f738ea191ea90a7de4318b12b17766a3c6520, content: ' It also houses a library.', meta: {'name': 'Saint_Barth%C3%A9lemy', 'source_id': '0e1cdc9aed7071dc6555b8a19b3cdc57f25dee3b2feea27a85c1cb142f1638a4', 'page_number': 1}, score: 0.46255752232824643)]",0.0,0.1316603422164917,0.0,0.0,0.0
Time and space are both examples of what type of resource?,complexity resources,fundamental intellectual structure,"[Document(id=dde733057987b7656d54f0140cdaa3de2ee1789c63c74f1f5c17cb1f61c82cd4, content: 'Time has long been a major subject of study in religion, philosophy, and science, but defining it in...', meta: {'name': 'Time', 'source_id': 'f3ee42c6d38306d65c6207a15a1b9c65ff08a69728d5d0197f9593548177b229', 'page_number': 1}, score: 0.5137300757270435)]",0.0,0.3276873826980591,0.0,0.0,0.0
What had happened to Frederick's extra troops from Russia?,"Catherine, who ended Russia's alliance with Prussia and withdrew from the war",Deprived of men,"[Document(id=7e90c7180c2320c1f870ba8d1ee74a7643ed7ff6a878ec6fc37dbe9adbbb1ea9, content: '
On the eastern front, progress was very slow. The Russian army was heavily dependent upon its main ...', meta: {'name': 'Seven_Years%27_War', 'source_id': '3ce1ed9d37c2147a385da7d5e5b943fd3d7b17c5d89dca3dd9b367b2b1f095e3', 'page_number': 1}, score: 0.6735388214817897)]",1.0,0.06652583181858063,1.0,1.0,1.0
What percentage of its workforce did Dell terminate in from 2007 to 2008?,10%,12,"[Document(id=0c5f3492dfe6b6838bc7113688331de615d79f7950a305ca235db36174dba218, content: ' With the return of Michael Dell as CEO, the company saw immediate changes in operations, the exodus...', meta: {'name': 'Dell', 'source_id': '2a4fe0f2b4ecfc25a3563020204c8a55c9674b77ca6df3c224557299cb0a5581', 'page_number': 1}, score: 0.6340834355511753)]",1.0,0.29873126745224,1.0,1.0,1.0
What organization was Rome's official caretaker?,the senate,Latin League,"[Document(id=f92f538baf53c616bb6d302c094ff784648439dd5a99ec33660dd665e0c6e57a, content: '
Each of Rome's legendary or semi-legendary kings was associated with one or more religious institut...', meta: {'name': 'Religion_in_ancient_Rome', 'source_id': '5539950aa68a34aaa32ce17890e29473510376f98e0ff668c55f32354d881f90', 'page_number': 1}, score: 0.5743521855580911)]",1.0,0.193890780210495,1.0,1.0,1.0
Who chose BYU as the location of the national Middle East Language Resource Center?,United States Department of Education,United States Department of Education,"[Document(id=0b3a599a54fac34c82f29d858c51bbf5ce4f37032b3539a76c2b8a6b918abc6e, content: ' Several of its language programs are the largest of their kind in the nation, the Russian program b...', meta: {'name': 'Brigham_Young_University', 'source_id': 'cb3b81b6f2c540426803106face67bc5fd4db7b1a9ef422ec3601456732b4785', 'page_number': 1}, score: 0.7432106125866814)]",1.0,1.0,1.0,1.0,1.0
Who discovered Hydrogen gas?,Robert Boyle,Robert Boyle,"[Document(id=45ad6989b7801812895d43ea694bad169af9b5dd9024dd96b099fe071a196217, content: '
In 1671, Robert Boyle discovered and described the reaction between iron filings and dilute acids, ...', meta: {'name': 'Hydrogen', 'source_id': '68980750bab4ae17fc394871df89fbbb807d0b180a08bf2698ebc1ec0613d8a2', 'page_number': 1}, score: 0.7008250803733801)]",1.0,1.0,1.0,1.0,1.0
Where was Polybius forced to go as hostage?,Rome,Rome,"[Document(id=97686de9c4f8fed507eaca869b9537500fb0e8c613b130c6f388bc83e9983444, content: ' Some areas of the conquered world were more affected by Greek influences than others. The term Hell...', meta: {'name': 'Hellenistic_period', 'source_id': '322682cbb61d31c17e6d21e06723e94efd0ef242a5c9f308888fa14209c4078b', 'page_number': 1}, score: 0.5478172274353506)]",1.0,1.0000001192092896,1.0,1.0,1.0
In what decade was disco popular?,1970s,1980s,"[Document(id=ac88b34c02a837bc0a4387ec54f7df72e84a365c85acf3ea8c8abdf1bf22c767, content: ' Emphasizing glamour, fashion, and escapism in distinction to the experimental seriousness of earlie...', meta: {'name': 'Post-punk', 'source_id': 'bee90cece10cbdebcf39c6ca24886eb874551f866ed672c4f1f297c137963f75', 'page_number': 1}, score: 0.5462718569085085)]",0.0,0.8399688601493835,0.0,0.0,0.0
What do the rivers form?,lakes,Nieuwe Maas,"[Document(id=d4f00e0321e7bd0e40e3988f483dbb9e724f85a7fec1890682781c70d19fdf9a, content: ' The middle flow begins as Nederrijn, then changes into Lek, then joins the Noord, thereby forming N...', meta: {'name': 'Rhine', 'source_id': '23686e48a61504679a91dac10d83b287aef3dff7dabc0ab881c281059187ce6a', 'page_number': 1}, score: 0.5195132686870181)]",0.0,0.2038368135690689,0.0,0.0,0.0
What were the first 256 code points of Unicode made identical to? ,ISO-8859-1,ISO-8859-1,"[Document(id=1ca3328892ba24004a75d8cfaab0f58ce32bed8ee034be6fa54e33e8b0a62eb5, content: ' UTF-16 extends UCS-2, using one 16-bit unit for the characters that were representable in UCS-2 and...', meta: {'name': 'Unicode', 'source_id': '5466bae2d66ecdb546af3cc34795de9f594465bd49e997a8c32cca0dc3b5d1e2', 'page_number': 1}, score: 0.6513962855269255)]",1.0,1.0000001192092896,1.0,1.0,1.0
"How many countries did her song ""Irreplaceable"" get number one status in?",five,2013,"[Document(id=d973663d7b373b969d29c8bb0584e676ae0839b0a85dcfe214f9439bae9553e9, content: '"" In 2013, Beyoncé made the Time 100 list, Baz Luhrmann writing ""no one has that voice, no one moves...', meta: {'name': 'Beyoncé', 'source_id': 'df5e2ca169dc6cf68bbfa81e78478ec035f276c65d7f24df15ba60a18401232b', 'page_number': 1}, score: 0.49332506233862033)]",1.0,0.1711360514163971,1.0,1.0,1.0
How many Examination Boards exist in India?,30,30,"[Document(id=16d8a70ea7a6d58f48e68b5c9072e65770d4a4053e9906c77dee6ff0c12c90a1, content: ' However, these vocational schools are not part of the German dual education system. Ergänzungsschul...', meta: {'name': 'Private_school', 'source_id': 'c62330ba95e9919513bc9fc65c0d21a748b4a518b9b1f905a113de7f37274e44', 'page_number': 1}, score: 0.5124628146490905)]",1.0,1.0,1.0,1.0,1.0
What play showed an early depiction of civil disobedience?,Antigone,Antigone,"[Document(id=23b161a9804a8a11c97c4f3f14b6762b49fdf3b1fefb8ff1de76b00cfa00995a, content: 'One of its earliest massive implementations was brought about by Egyptians against the British occup...', meta: {'name': 'Civil_disobedience', 'source_id': '505ac0ceafea50bbbfc74281c3c932b97c3074217d7ffe74512a2d0eb97fe491', 'page_number': 1}, score: 0.6589027090165251)]",1.0,1.0,1.0,1.0,1.0
"Once in conversation with the Queen, how is Elizabeth addressed?",Ma'am,Your Majesty and thereafter as Ma'am,"[Document(id=3d92674c03fa6fb7dff9bfacadbd449807bd3f50ac1fd93ba9ff982be85ddbf6, content: ' Under pressure from public opinion, she began to pay income tax for the first time, and Buckingham ...', meta: {'name': 'Elizabeth_II', 'source_id': '701ad172dfcc8791d990bf596fe61055a5548b2e1847cd32a5d9c011ed8a1ed8', 'page_number': 1}, score: 0.5990400446359011)]",1.0,0.6777033805847168,1.0,1.0,1.0
In what century did Paris become largely into fashion?,19th,19th,"[Document(id=4c486afe5bb2b5636b50e59b9e75919d81c0ac84dee15003c77f04be72177646, content: 'Since the 19th century, the built-up area of Paris has grown far beyond its administrative borders; ...', meta: {'name': 'Paris', 'source_id': '52b8f3ebbfb9baf9226768b89151b597c215bb08f28021147d2d798f707976c9', 'page_number': 1}, score: 0.6055035497429572)]",1.0,1.0000001192092896,1.0,1.0,1.0
When did Alfred the Great begin his reign?,871,871,"[Document(id=5396376bb5221d60d6016a3ef2e8c6fb591b1eb2c9c6dab90677a7e0ac39a5a5, content: ' The speech of eastern and northern parts of England was subject to strong Old Norse influence due t...', meta: {'name': 'Old_English', 'source_id': '499102fb98655495aa1290f40a7501a80d34498ace9fe691454bd3cbff83f7cd', 'page_number': 1}, score: 0.4737880350354553)]",0.0,1.0,0.0,0.0,0.0
What two methods can be used when using Load Testing?,data or a large number of users,"input validation and error-management routines.[citation needed] Software fault injection, in the form of fuzzing, is an example of failure testing. Various commercial non-functional testing tools are linked from the software fault injection page; there are also numerous open-source and free software tools available that perform destructive testing.
Load testing is primarily concerned with testing that the system can continue to operate under a specific load, whether that be large quantities of data or a large number of users","[Document(id=76ad3fb3d257a3812a169d749a5fb13f2e05383764e8f9dfc53895f08747b375, content: ' Beta versions can be made available to the open public to increase the feedback field to a maximal ...', meta: {'name': 'Software_testing', 'source_id': '141fdc660b7505b00b8550733c65d48914cde6833d577a5494a41a6cb01a3827', 'page_number': 1}, score: 0.5705638206179092)]",1.0,0.16032397747039795,1.0,1.0,1.0
what may possibly be a solution to net neutrality concerns? ,municipal broadband,municipal broadband,"[Document(id=bb0e180e009c490f3ae30fb55a9a91cbe512409c2e12ebae0203298a6f3efe78, content: 'S. Federal Communications Commission (FCC) was reported to be considering a new rule that will permi...', meta: {'name': 'Internet_service_provider', 'source_id': 'b6cdeebacab1c0fc99cc348ba10a7ad5f8a09ca4691c74f89374730939ffbbb4', 'page_number': 1}, score: 0.6359423909104869)]",1.0,1.0000001192092896,1.0,1.0,1.0
What are the ground-attack aircraft in the USAF usually deployed in support for? ,U.S. ground forces,U.S. ground forces,"[Document(id=cdfa1e6bea8fd42b00ce80468ba471689216a6195425c2435fb1141b0b8c7e6f, content: '
The ground-attack aircraft of the USAF are designed to attack targets on the ground and are often d...', meta: {'name': 'United_States_Air_Force', 'source_id': '1bb222de66e5a2c81f1d5b75bf3eced066939aec82934a5cb176a607b4e8cc8f', 'page_number': 1}, score: 0.6595684899907257)]",1.0,1.0,1.0,1.0,1.0
 In what year did the invasion of Russia take place?,1812,1917,"[Document(id=5cf39c40640013969626bfa9dcc17e86c891033c6881c53d41dfced842a316bd, content: '
The Russian Revolution is the series of revolutions in Russia in 1917, which destroyed the Tsarist ...', meta: {'name': 'Modern_history', 'source_id': '59c9b273f6f85af9d336afaf5154a702230bef3726363ecbf5c8378f5d8798c7', 'page_number': 1}, score: 0.5696587984574364)]",0.0,0.6672266125679016,0.0,0.0,0.0
What was the practice of religion to the Romans?,personal choice,augury,"[Document(id=483a4d6e20a90300dacd5b488981283a0e3e48e19133aeae709d43fd9599dbac, content: ' Etruscan religion was also a major influence, particularly on the practice of augury.
Imported myst...', meta: {'name': 'Religion_in_ancient_Rome', 'source_id': '5539950aa68a34aaa32ce17890e29473510376f98e0ff668c55f32354d881f90', 'page_number': 1}, score: 0.6798432924358846)]",1.0,0.12443841248750687,1.0,1.0,1.0
What is one example of failure testing?,Software fault injection,Software fault injection,"[Document(id=76ad3fb3d257a3812a169d749a5fb13f2e05383764e8f9dfc53895f08747b375, content: ' Beta versions can be made available to the open public to increase the feedback field to a maximal ...', meta: {'name': 'Software_testing', 'source_id': '141fdc660b7505b00b8550733c65d48914cde6833d577a5494a41a6cb01a3827', 'page_number': 1}, score: 0.5810701579387141)]",1.0,1.0000001192092896,1.0,1.0,1.0
"Out of the maximum amount of players allowed, one must be a what?",goalkeeper,three,"[Document(id=54ac8a4bef87eec4f4c4bb18b0298a72660993d40a0085ae08f0804872097969, content: '
The governing bodies in each country operate league systems in a domestic season, normally comprisi...', meta: {'name': 'Association_football', 'source_id': 'f2b7305b09ad8a43b8389a5eb2d84b8ea4b4deaa7968d21fe9da9da9ecda2c6b', 'page_number': 1}, score: 0.47496159838396923)]",1.0,0.18245229125022888,1.0,1.0,1.0
In which year was the new constitution ratified?,1855,1884 that produced a constitution ratified 3:1 by Montana citizens in November 1884,"[Document(id=012172d30b9790cfd5a5f1acf26703580b6738cfd860ad8388391dcbc296f44a, content: ' Surveys in 1874, 1875 and 1876 helped spark the Great Sioux War of 1876. The transcontinental NPR w...', meta: {'name': 'Montana', 'source_id': '556dc408ae9a8cf251c8082c455043f3c354c7457c6fe7793c307babf666b651', 'page_number': 1}, score: 0.49764851422200085)]",0.0,0.22884264588356018,0.0,0.0,0.0
What vessel was attacked in 1845?,Naiad,Fancy,"[Document(id=c73f91cfdbff455b566d44f1e5e2b3a45e69e1706373ebb639e5a56f60c3546d, content: '
In September 1695, Captain Henry Every, an English pirate on board the Fancy, reached the Straits o...', meta: {'name': 'East_India_Company', 'source_id': 'e06fca07272816e944b588c975118bc6baa76ae98cc186fe22f94dfd06cc38cb', 'page_number': 1}, score: 0.5417964631676105)]",0.0,0.18923906981945038,0.0,0.0,0.0
When did Travel + Leisure list Yale as one of the most beautiful campuses?,2011,2011,"[Document(id=92daacd08f6215b2b6c9a23e96940ae9ffa3af8f6a0300108c6bfcf840702db9, content: ' In western New Haven, the university holds 500 acres (2.0 km2) of athletic facilities, including th...', meta: {'name': 'Yale_University', 'source_id': 'f33638c4d6b8d7572ba500f3a8affca1729aae3046c83a94e2a7424dd50f6549', 'page_number': 1}, score: 0.5900821044427363)]",1.0,1.0,1.0,1.0,1.0
What sort of variants did the Human Genome Project indicate that many of the measured transcripts were?,alternative variants,non-repetitive,"[Document(id=35aa1cb690df59867ee05e5097593f48e97261d2c2794a4fcd261522b374c202, content: ' In December 2013, scientists first sequenced the entire genome of a Neanderthal, an extinct species...', meta: {'name': 'Genome', 'source_id': '18d3410858e240e5596ce2f22db31a3f6dcd18aba98f4fb8d8e801b7e537aceb', 'page_number': 1}, score: 0.5173390507269158)]",0.0,0.2370980978012085,0.0,0.0,0.0
During what year did the Italians invade Libya?,1911,1911,"[Document(id=1b5c167a9d5d609ea5fb8a97ac9f8e9db1b78d5c91d2f95320c7a861768e926e, content: ' He repeatedly expressed a preference for the desert over the city and retreated to the desert to me...', meta: {'name': 'Muammar_Gaddafi', 'source_id': '8152b4f6f236e7f6841b777d688aa105c66dbcee3fe926720311ce23eed0a380', 'page_number': 1}, score: 0.610828310088769)]",1.0,1.000000238418579,1.0,1.0,1.0
What did Davidson believe the God of Aristotle is synonymous with?,rational thought,rational thought,"[Document(id=707efe35d39bbe6f12111e251260c07bcfa48cea8000d7e2c9680c78ec3b9dcc, content: '"" The theory was indebted to Aristotle's pluralism and his concepts of Soul, the rational, living as...', meta: {'name': 'Idealism', 'source_id': '55a0bd42a4a737442a2d93fe0926424e236910de01b2406ed43c174f2225ff9d', 'page_number': 1}, score: 0.530264670750077)]",1.0,1.0,1.0,1.0,1.0
What percentage of students at Notre Dame are the children of former Notre Dame students?,21–24%,21–24%,"[Document(id=4a2399f100a536a4baf71c5dedf166c45f09b1b237a505e9a84faf1da7fd8a1b, content: '
In 2014 the Notre Dame student body consisted of 12,179 students, with 8,448 undergraduates, 2,138 ...', meta: {'name': 'University_of_Notre_Dame', 'source_id': '4d72b1adc03b693b389a144097b6ebc1668cfbaef6fa42bbc023428ed14a60d9', 'page_number': 1}, score: 0.6933619621704381)]",1.0,1.0,1.0,1.0,1.0
On what day did U.S> planes located Ozawa's fleet?,second,25 October,"[Document(id=f338e2189fa194b23ca50a67ebd0647e84f119f03f303e8a80c0ee355a155d72, content: ' commanders ignored reports that Kurita had turned back towards San Bernardino Strait. They had take...', meta: {'name': 'Pacific_War', 'source_id': 'bbc89e90f0fa3a97026e63250a28c1a17f157ab8c6d81bc70d6d55b8da059c57', 'page_number': 1}, score: 0.7028943836880425)]",1.0,0.24027208983898163,1.0,1.0,1.0
Greek was crowned the European champions in what event?,Euro 2004,2005 European Championship,"[Document(id=76be05dc0de2dfbcf6d3d16e80abbfa4ee57f55d30696681b941ecd6ff700822, content: 'O.K. Greek basketball teams are the most successful in European basketball the last 25 years, having...', meta: {'name': 'Greece', 'source_id': '13d8bb8decd2812a2721cd8f6ecffbf13e7a3bc07776ab008e28497e15162217', 'page_number': 1}, score: 0.6882304367381349)]",1.0,0.7931281328201294,1.0,1.0,1.0
Which tense indicates that an action hasn't finished?,imperfective,past and present,"[Document(id=27c48c714f7a7d5c0daa9f28a8e02d3375d014da26ecdbb43d24c3a5f42b97ed, content: ' Typical of a Slavic language, Czech cardinal numbers one through four allow the nouns and adjective...', meta: {'name': 'Czech_language', 'source_id': 'b7b15f8c583c24627f86dae71c96a8b788adafb4e0606251ec9a06307cc37f6c', 'page_number': 1}, score: 0.35658768086529163)]",0.0,0.22152823209762573,0.0,0.0,0.0
What acoustic element could be distorted by different audio settings in iPods prior to 2007?,Bass,bass,"[Document(id=2a2aed1469e1865e2816d1c4cee4f53887b00f04578d64882e7a5207977b4a70, content: ' in 2005.
In mid-2015, several new color schemes for all of the current iPod models were spotted in ...', meta: {'name': 'IPod', 'source_id': 'f0324763387a7e11c235569bada6935891b2c5ba40dd065ab5acc1bb5de8dbed', 'page_number': 1}, score: 0.657611807312876)]",1.0,1.0,1.0,1.0,1.0
In what way can Neutral triatomic hydrogen exist?,excited form,excited form,"[Document(id=814f2c2136f18b6a49318bf9a19fad148d9b272f987b2539771dc5dbd3beca10, content: '
Under ordinary conditions on Earth, elemental hydrogen exists as the diatomic gas, H2. However, hyd...', meta: {'name': 'Hydrogen', 'source_id': '68980750bab4ae17fc394871df89fbbb807d0b180a08bf2698ebc1ec0613d8a2', 'page_number': 1}, score: 0.5947984648702281)]",1.0,1.0,1.0,1.0,1.0
How are children used in the conflicts in Burma?,Child soldiers have and continue to play a major part in the Burmese Army as well as Burmese rebel movements.,Child soldiers have and continue to play a major part in the Burmese Army as well as Burmese rebel movements,"[Document(id=ff11a1c6102e2b293943cbcfb8c2935799487df6f465dea412c00844c1c7c655, content: '"" In July 2013, the Assistance Association for Political Prisoners indicated that there were approxi...', meta: {'name': 'Myanmar', 'source_id': '3d5d8c2f0b407573851f7793034e3f28664c9739d422faaf23da089d3bb275b3', 'page_number': 1}, score: 0.6589232659427924)]",1.0,0.9912453889846802,1.0,1.0,1.0
In what decades were Arsenal players stereotyped in a negative way?,1970s and 1980s,1970s and 1980s,"[Document(id=ac63b8357f80e413cededa7c5a37849ede32b9c8d7d3181d6e287572836f5f86, content: ' They formed the backdrop to one of the earliest football-related films, The Arsenal Stadium Mystery...', meta: {'name': 'Arsenal_F.C.', 'source_id': 'b197b14120aabbc3bf2073d4b3e99c1c51d56d5ac5248f8a97dadcfa056a6f7e', 'page_number': 1}, score: 0.5470057790543041)]",1.0,1.0000001192092896,1.0,1.0,1.0
When did new construction start in Melbourne?,late 1890s,late 1890s,"[Document(id=e7a2f32f10a857b188ae10953333d02317612155cbae0e2ac8e0bf5365da90e4, content: ' The Melbourne financial crisis was a contributing factor in the Australian economic depression of t...', meta: {'name': 'Melbourne', 'source_id': 'e9cc00699ea29b72949874ec0e147efa277ecdaa2a727246f376aab1a8d342bd', 'page_number': 1}, score: 0.5958355202000913)]",1.0,1.0,1.0,1.0,1.0
